Servicio;Estado;Edad;Costo_miles_pesos;Puntaje
H;III;40;4524;52
C;II;42;2752;115
H;II;18;2564;72
C;I;43;808;83
H;I;34;1485;77
O;V;77;13858;5
C;III;70;5614;74
H;II;40;2066;108
O;IV;79;8169;48
C;II;80;2446;89
C;III;46;3245;80
C;III;44;6000;42
H;IV;67;7815;64
C;III;53;4668;54
O;III;33;5469;54
C;II;24;2675;75
O;IV;54;6016;65
C;II;72;1586;73
C;II;18;2415;110
H;IV;42;8952;70
C;II;60;1936;80
H;I;21;799;95
H;I;37;1423;84
O;III;38;3037;68
H;III;38;5712;68
H;III;35;4529;81
O;V;65;10380;49
C;II;32;1579;79
H;I;31;503;77
C;IV;70;9256;57
C;IV;63;9035;35
C;II;26;2847;101
H;IV;62;7677;78
O;III;70;4857;103
O;IV;70;7122;70
C;I;30;966;100
C;II;75;2516;87
O;V;41;14925;29
C;III;76;4455;32
H;I;59;1332;87
H;II;64;1941;113
H;V;82;11040;49
H;III;45;5513;80
C;I;22;899;103
H;II;38;2832;111
H;IV;67;8710;49
H;I;57;665;113
H;V;84;16285;18
C;II;56;2745;79
H;III;30;3796;80
C;II;34;1972;98
C;IV;23;6366;85
H;III;66;5518;66
H;II;33;2521;64
H;II;38;1718;88
C;IV;18;8034;99
H;V;83;13470;37
O;I;36;721;80
C;III;61;3408;82
H;V;67;10708;65
H;II;33;2150;86
H;III;50;4549;87
C;II;34;1997;99
H;I;71;1174;110
O;I;18;506;77
C;II;29;2002;82
H;IV;66;7300;32
C;V;55;14822;15
C;V;67;16323;4
H;II;18;2470;94
O;II;33;2979;86
H;I;45;747;107
O;III;43;5963;47
H;IV;77;7038;46
H;IV;46;8864;50
H;I;76;877;107
H;I;18;570;72
H;IV;81;8971;42
H;II;69;2467;80
H;III;40;5511;100
H;I;45;1378;92
C;II;52;2579;100
H;V;57;13452;46
O;III;85;4664;94
H;III;60;3908;65
H;V;46;12108;42
O;II;20;2494;97
H;V;32;16410;25
O;II;24;2079;99
C;I;54;974;111
C;I;26;959;81
C;I;21;1351;96
H;II;18;2213;98
H;I;32;988;97
H;III;59;4015;75
C;III;81;3087;89
H;III;53;4529;62
O;I;37;1486;82
H;III;61;4868;86
C;IV;78;6985;88
H;I;43;1276;82
C;IV;77;6670;59
H;I;25;1342;120
C;IV;74;6582;55
H;III;54;4878;83
C;II;69;2858;45
H;III;42;4806;87
O;II;45;1827;75
C;II;69;2290;111
C;II;47;1639;104
C;II;40;2837;94
C;III;76;4532;57
O;I;73;726;83
H;V;83;10094;64
H;IV;72;6230;75
H;I;38;896;68
H;IV;82;6024;72
C;III;51;3213;106
C;II;47;2841;70
H;II;33;2523;89
C;I;24;897;103
O;IV;71;7159;53
H;III;65;4794;87
C;II;46;1698;88
H;II;19;2132;81
H;III;80;3114;82
H;III;59;4817;73
H;II;35;2817;64
H;V;83;11529;46
C;III;42;3150;103
H;II;76;2862;111
H;III;79;4725;66
H;I;19;1298;77
H;II;59;2205;91
H;II;29;2417;71
C;IV;61;6633;86
C;II;41;1925;104
H;IV;61;6730;69
O;IV;18;6464;64
O;IV;67;6926;69
H;I;69;1034;104
C;III;63;5810;65
C;III;60;4683;102
H;V;19;10802;61
H;III;70;3612;90
C;V;29;16175;13
H;III;64;3912;81
H;I;30;1414;80
O;III;54;3752;74
H;I;23;770;112
H;IV;75;7866;62
H;IV;52;6215;76
C;II;50;2254;62
O;I;78;1032;117
H;I;29;551;104
O;I;28;996;104
C;II;20;2886;82
O;I;27;799;107
C;III;58;4961;56
H;III;83;3652;81
H;II;50;1670;81
H;III;83;5993;96
C;I;28;1103;94
H;II;32;2916;64
C;II;73;2387;85
C;IV;83;9247;46
C;III;34;5008;87
H;II;47;1845;91
H;II;28;1963;87
C;I;21;1155;82
C;III;43;3046;60
H;I;43;786;112
H;V;47;11923;47
H;II;66;2942;80
H;I;59;1435;74
H;IV;67;8748;65
O;I;72;1141;86
O;II;56;1655;91
C;I;84;882;94
H;II;44;2581;64
C;IV;46;7575;50
C;V;59;13884;30
C;III;78;4922;87
C;III;39;3279;63
H;I;76;1350;113
C;III;57;5348;68
H;III;63;3892;68
H;V;44;11790;56
O;I;19;530;111
C;I;29;658;101
H;II;72;2973;99
C;IV;67;9488;18
H;III;54;4283;89
C;III;61;4957;69
H;III;42;3795;71
C;III;78;4924;69
C;III;57;5605;50
H;V;45;15286;68
H;IV;66;9126;61
H;II;82;2357;77
H;II;67;2339;92
H;II;25;2749;77
C;II;22;2258;85
H;II;80;2738;87
H;III;48;3051;87
C;IV;51;8235;60
O;I;30;1214;92
H;III;68;4728;72
C;I;58;691;92
C;V;76;11720;37
H;II;80;2911;56
H;III;20;5409;101
H;II;74;1750;95
C;IV;54;9404;62
H;I;25;921;120
O;II;30;2945;82
H;I;31;1343;108
C;IV;49;8324;69
O;IV;24;9963;55
O;IV;30;8098;60
C;I;32;946;85
H;II;75;2981;63
O;II;33;1960;72
C;I;25;1430;108
H;I;69;863;98
C;IV;41;6469;54
H;III;54;4459;77
O;II;20;2687;66
H;III;60;4825;61
H;I;27;646;99
H;IV;27;8137;62
H;II;64;2307;105
H;I;51;559;85
C;IV;49;9091;63
C;II;46;1725;99
H;IV;65;8795;66
H;II;20;2154;94
H;II;80;2273;64
C;II;44;2387;81
H;I;51;1455;100
C;II;55;1631;101
H;II;55;2124;114
H;IV;43;9031;56
H;I;26;1076;85
C;II;42;2457;101
H;III;84;5425;79
H;II;84;2538;95
C;II;46;2345;54
C;II;55;1584;95
H;V;79;12346;22
C;I;58;1294;100
H;II;36;2820;86
O;IV;35;6892;70
C;III;79;4808;77
C;IV;64;8578;50
C;II;42;2159;101
C;IV;64;6190;90
C;II;52;2597;75
O;IV;51;6639;56
C;I;23;893;110
H;I;78;1286;120
C;I;57;1359;104
H;I;18;1403;57
H;III;63;4029;81
C;II;36;2410;60
H;II;81;2283;59
H;II;54;2070;101
H;II;51;2171;101
O;V;73;10709;37
O;I;38;1080;96
O;II;79;2456;98
H;I;38;1087;77
C;IV;71;6010;75
H;IV;57;7024;68
H;IV;70;7801;67
H;I;47;1201;120
C;III;66;4031;48
C;II;18;2355;98
C;V;74;11319;25
H;III;85;4993;87
H;IV;72;9843;49
C;III;71;5378;78
H;III;44;4953;57
H;I;51;1252;100
C;IV;66;9992;49
H;II;42;1929;86
C;III;62;5893;70
O;V;48;15202;17
H;II;43;1717;82
C;IV;46;9430;62
H;II;55;2805;66
H;II;31;2866;77
H;I;69;1440;82
C;V;40;16344;18
H;III;70;3658;89
C;IV;41;7228;45
H;III;45;4625;63
H;III;52;3304;70
H;I;31;509;103
O;V;43;13510;33