"Concentration","Treatment","Status","Gender","Age"
231.2,"dose 3","disease status 1","female",59
191.2,"dose 2","disease status 2","female",41
286.8,"dose 3","disease status 1","male",80
241.6,"dose 1","disease status 2","female",66
241.9,"dose 1","disease status 2","female",67
314.2,"dose 3","disease status 2","female",84
226.9,"dose 2","disease status 1","male",60
196.4,"dose 1","disease status 1","male",49
300.5,"dose 1","disease status 1","male",87
314.9,"dose 3","disease status 2","female",84
283.6,"dose 2","disease status 2","female",79
260.8,"dose 3","disease status 1","male",69
205.5,"dose 2","disease status 2","female",48
199.7,"dose 2","disease status 2","male",45
210.2,"dose 3","disease status 2","female",43
189.5,"dose 1","disease status 2","female",46
200.3,"dose 2","disease status 1","male",48
280.7,"dose 1","disease status 1","female",81
235.8,"dose 2","disease status 1","female",63
247.9,"dose 1","disease status 1","female",70
300.1,"dose 2","disease status 2","female",84
220.3,"dose 1","disease status 1","female",60
220.7,"dose 2","disease status 1","male",58
285.6,"dose 2","disease status 2","male",80
241.3,"dose 3","disease status 1","female",63
265.3,"dose 3","disease status 1","male",72
220.1,"dose 2","disease status 1","female",56
245.8,"dose 1","disease status 2","female",68
209.4,"dose 3","disease status 2","female",42
227.9,"dose 3","disease status 2","male",54
214.2,"dose 1","disease status 2","female",55
270.1,"dose 2","disease status 2","male",75
189.8,"dose 1","disease status 1","male",44
203.7,"dose 1","disease status 2","male",52
261.2,"dose 3","disease status 1","female",70
281.6,"dose 2","disease status 2","male",79
232.8,"dose 2","disease status 2","female",61
216,"dose 3","disease status 2","female",46
261.9,"dose 3","disease status 2","male",67
294.4,"dose 3","disease status 2","male",78
215.2,"dose 1","disease status 2","male",57
195.7,"dose 1","disease status 1","female",48
237.7,"dose 3","disease status 1","female",62
242,"dose 2","disease status 1","male",66
232,"dose 3","disease status 1","female",59
218.9,"dose 2","disease status 1","female",57
262.3,"dose 3","disease status 2","male",67
247.4,"dose 2","disease status 1","female",68
213.3,"dose 2","disease status 2","male",53
236,"dose 2","disease status 1","male",60
240.8,"dose 3","disease status 2","female",59
215.9,"dose 2","disease status 2","male",55
254.3,"dose 2","disease status 2","female",69
216.5,"dose 1","disease status 1","male",57
213.4,"dose 2","disease status 2","female",52
270.4,"dose 3","disease status 1","female",74
233.5,"dose 2","disease status 2","male",62
192.4,"dose 2","disease status 1","male",44
271.9,"dose 1","disease status 2","male",78
208,"dose 2","disease status 2","female",50
199.6,"dose 3","disease status 1","female",43
261.3,"dose 2","disease status 1","female",71
306.5,"dose 3","disease status 1","female",85
220.7,"dose 2","disease status 2","male",57
269.1,"dose 3","disease status 1","female",72
260.5,"dose 3","disease status 2","female",66
257.4,"dose 3","disease status 2","female",65
290,"dose 2","disease status 2","female",81
196.3,"dose 1","disease status 1","female",48
196.7,"dose 2","disease status 2","male",45
215.3,"dose 2","disease status 2","male",54
288.2,"dose 3","disease status 1","male",80
207,"dose 3","disease status 2","female",41
180.3,"dose 1","disease status 1","male",41
254.3,"dose 1","disease status 1","male",73
223.1,"dose 2","disease status 1","female",57
217.6,"dose 3","disease status 1","female",53
308.2,"dose 2","disease status 2","female",86
208.1,"dose 3","disease status 2","male",43
263.8,"dose 2","disease status 2","male",73
260.6,"dose 1","disease status 2","male",74
227.8,"dose 2","disease status 1","female",60
215.9,"dose 1","disease status 1","male",58
229.4,"dose 1","disease status 2","male",63
233.9,"dose 1","disease status 1","female",65
213.5,"dose 2","disease status 2","female",52
320,"dose 3","disease status 2","male",86
246.4,"dose 1","disease status 1","male",70
291.2,"dose 1","disease status 1","female",84
273.8,"dose 2","disease status 1","male",77
287.3,"dose 3","disease status 2","female",76
198.2,"dose 2","disease status 1","female",46
216.9,"dose 1","disease status 2","male",58
219.6,"dose 3","disease status 2","male",48
323.8,"dose 3","disease status 2","male",87
222.6,"dose 3","disease status 1","female",55
313.9,"dose 3","disease status 2","female",84
199.4,"dose 3","disease status 1","male",44
299.4,"dose 2","disease status 1","male",85
208.2,"dose 3","disease status 2","male",42
191,"dose 1","disease status 1","female",45
215.1,"dose 3","disease status 1","male",52
282.9,"dose 3","disease status 1","female",78
306.2,"dose 2","disease status 2","male",86
208.8,"dose 1","disease status 1","male",55
255.9,"dose 3","disease status 2","male",65
187.8,"dose 1","disease status 2","male",42
228.4,"dose 3","disease status 2","male",53
292.6,"dose 1","disease status 1","male",85
190.7,"dose 1","disease status 1","male",46
231.6,"dose 3","disease status 1","female",59
225.1,"dose 1","disease status 2","male",61
201.6,"dose 1","disease status 1","male",51
224.1,"dose 3","disease status 1","female",55
273.5,"dose 1","disease status 1","male",79
231.5,"dose 3","disease status 2","female",53
193.7,"dose 1","disease status 1","female",47
286.5,"dose 1","disease status 1","female",83
220.4,"dose 2","disease status 2","female",56
260.2,"dose 3","disease status 2","female",65
286.7,"dose 1","disease status 2","male",83
190.7,"dose 2","disease status 1","male",43
216.6,"dose 2","disease status 2","female",54
233.1,"dose 1","disease status 1","female",64
236.6,"dose 3","disease status 1","male",62
264.1,"dose 1","disease status 1","male",76
223.6,"dose 1","disease status 1","male",61
216.2,"dose 3","disease status 1","female",54
217.2,"dose 3","disease status 2","male",48
183.3,"dose 1","disease status 2","male",41
298.7,"dose 2","disease status 2","female",83
278,"dose 2","disease status 2","male",78
268.3,"dose 2","disease status 1","female",75
229.3,"dose 3","disease status 1","female",58
248.5,"dose 2","disease status 1","female",67
210.6,"dose 2","disease status 2","female",51
258.7,"dose 3","disease status 2","male",65
228.8,"dose 3","disease status 2","male",53
192.7,"dose 1","disease status 2","female",45
298.7,"dose 1","disease status 2","male",86
189.3,"dose 1","disease status 2","female",43
312.3,"dose 3","disease status 1","female",87
273.5,"dose 1","disease status 1","male",79
184,"dose 1","disease status 1","female",41
241,"dose 3","disease status 2","female",58
298.5,"dose 3","disease status 2","female",79
196.5,"dose 2","disease status 1","male",45
208.2,"dose 1","disease status 1","female",54
197.1,"dose 3","disease status 1","male",43
227.9,"dose 3","disease status 1","male",58
220.3,"dose 2","disease status 2","male",57
254.8,"dose 2","disease status 2","female",69
238,"dose 3","disease status 2","male",57
309.6,"dose 3","disease status 2","female",81
286.7,"dose 2","disease status 1","male",81
205.6,"dose 2","disease status 2","female",49
208.4,"dose 2","disease status 1","female",53
272.4,"dose 3","disease status 2","male",71
207.1,"dose 3","disease status 1","male",49
263.7,"dose 2","disease status 1","female",73
204.9,"dose 3","disease status 1","female",46
220.2,"dose 1","disease status 2","male",59
221.3,"dose 1","disease status 2","male",59
266.3,"dose 1","disease status 2","male",77
282.4,"dose 1","disease status 1","female",81
263.5,"dose 1","disease status 1","female",75
225.6,"dose 1","disease status 1","female",62
199.3,"dose 3","disease status 1","male",44
215.9,"dose 1","disease status 2","male",57
270,"dose 2","disease status 2","female",75
239.2,"dose 1","disease status 2","male",66
208.4,"dose 3","disease status 1","male",48
208.4,"dose 2","disease status 2","female",50
282.8,"dose 2","disease status 2","male",80
227,"dose 1","disease status 2","female",61
228.4,"dose 1","disease status 2","female",62
316,"dose 3","disease status 2","male",85
288.4,"dose 1","disease status 2","male",83
294.3,"dose 3","disease status 2","male",78
240,"dose 1","disease status 2","female",66
293,"dose 2","disease status 2","male",83
240.9,"dose 1","disease status 1","female",67
254.3,"dose 1","disease status 1","male",73
259.6,"dose 2","disease status 1","male",72
204.8,"dose 2","disease status 1","female",49
208.9,"dose 1","disease status 2","male",54
189.2,"dose 1","disease status 1","male",46
271.6,"dose 3","disease status 2","female",70
239.3,"dose 3","disease status 2","male",58
230,"dose 2","disease status 1","male",62
204.6,"dose 1","disease status 1","female",52
219,"dose 3","disease status 2","male",49
197,"dose 1","disease status 2","female",49
193.2,"dose 2","disease status 1","male",44
241,"dose 3","disease status 1","female",63
201.1,"dose 2","disease status 2","male",47
213.2,"dose 3","disease status 1","female",50
280.1,"dose 2","disease status 1","female",79
202.5,"dose 3","disease status 1","female",45
188.8,"dose 2","disease status 1","female",41
274.6,"dose 2","disease status 1","male",77
220.5,"dose 1","disease status 1","male",60
221.1,"dose 2","disease status 2","female",56
211.4,"dose 1","disease status 2","male",56
257.2,"dose 2","disease status 2","female",70
261.3,"dose 2","disease status 2","male",72
217.8,"dose 3","disease status 1","male",53
204.3,"dose 2","disease status 2","female",48
234.9,"dose 1","disease status 1","female",65
206.5,"dose 3","disease status 1","male",48
208.9,"dose 3","disease status 2","male",43
304.4,"dose 2","disease status 1","female",86
247.4,"dose 2","disease status 1","female",67
237.9,"dose 2","disease status 1","female",64
183.8,"dose 1","disease status 1","female",41
198.4,"dose 3","disease status 1","male",44
267.5,"dose 3","disease status 1","female",72
274.9,"dose 1","disease status 2","female",78
213.8,"dose 1","disease status 1","female",56
230.4,"dose 3","disease status 1","female",58
233.3,"dose 3","disease status 2","male",56
253.5,"dose 2","disease status 1","female",70
192.9,"dose 1","disease status 1","female",45
272.9,"dose 2","disease status 1","male",76
206,"dose 1","disease status 1","male",54
214.3,"dose 3","disease status 2","female",44
265.5,"dose 2","disease status 1","female",74
226.7,"dose 3","disease status 2","female",52
200.2,"dose 3","disease status 1","male",44
280.3,"dose 3","disease status 1","male",77
293.8,"dose 3","disease status 1","female",81
224.8,"dose 3","disease status 2","male",52
247.4,"dose 2","disease status 1","male",68
212,"dose 2","disease status 1","male",54
221.5,"dose 2","disease status 1","female",57
232.9,"dose 3","disease status 2","male",54
253.4,"dose 1","disease status 2","male",72
263.9,"dose 2","disease status 2","male",74
231.8,"dose 1","disease status 1","male",64
213.3,"dose 3","disease status 2","female",44
294.4,"dose 1","disease status 1","male",85
283.5,"dose 3","disease status 1","male",78
196.2,"dose 1","disease status 1","male",49
250.4,"dose 1","disease status 1","male",72
226.1,"dose 2","disease status 2","female",58
218.4,"dose 2","disease status 2","female",56
265.5,"dose 1","disease status 2","female",75
277.6,"dose 2","disease status 2","male",78
269.6,"dose 2","disease status 1","male",76
298,"dose 3","disease status 1","male",83
300.3,"dose 2","disease status 2","female",84
199.9,"dose 2","disease status 1","male",48
204.1,"dose 1","disease status 2","male",51
192.4,"dose 2","disease status 1","male",43
213.5,"dose 1","disease status 2","female",55
298.2,"dose 3","disease status 1","female",83
185.6,"dose 1","disease status 2","female",42
302.2,"dose 3","disease status 1","male",84
217.3,"dose 2","disease status 2","female",54
205.3,"dose 3","disease status 1","female",46
233.8,"dose 2","disease status 1","female",62
184.9,"dose 1","disease status 1","female",42
223.3,"dose 3","disease status 2","female",50
243.6,"dose 3","disease status 2","male",59
298.5,"dose 3","disease status 2","female",80
207.7,"dose 3","disease status 1","female",49
282.2,"dose 3","disease status 2","male",74
281.3,"dose 3","disease status 2","female",73
202.5,"dose 2","disease status 1","male",50
296.5,"dose 2","disease status 2","female",83
281.9,"dose 3","disease status 2","male",74
229.3,"dose 2","disease status 1","male",61
208.8,"dose 3","disease status 1","male",50
208.8,"dose 1","disease status 1","male",55
215.7,"dose 2","disease status 2","female",54
295.6,"dose 3","disease status 1","female",81
301.9,"dose 1","disease status 2","female",87
251.7,"dose 1","disease status 2","male",71
318.1,"dose 3","disease status 2","female",85
203.3,"dose 2","disease status 1","female",48
220.2,"dose 1","disease status 2","male",59
251.3,"dose 3","disease status 2","male",63
215,"dose 1","disease status 1","female",57
306.6,"dose 3","disease status 2","female",82
202.3,"dose 1","disease status 1","male",52
213,"dose 3","disease status 1","female",51
201.2,"dose 1","disease status 2","male",50
302.9,"dose 2","disease status 1","male",86
210,"dose 1","disease status 2","male",54
289.4,"dose 3","disease status 2","female",76
194.1,"dose 1","disease status 1","female",48
214.9,"dose 2","disease status 1","male",55
212.3,"dose 1","disease status 2","female",55
203.9,"dose 2","disease status 2","male",49
277.5,"dose 1","disease status 2","female",79
203.9,"dose 1","disease status 1","female",52
268.8,"dose 3","disease status 2","male",69
308.3,"dose 2","disease status 2","male",87
280.4,"dose 2","disease status 1","female",79
235.3,"dose 3","disease status 2","male",56
183.3,"dose 1","disease status 1","male",42
285.2,"dose 3","disease status 2","male",75
198.8,"dose 1","disease status 2","male",49
325.1,"dose 3","disease status 2","female",87
232.7,"dose 2","disease status 1","male",61
271.2,"dose 2","disease status 1","male",76
232,"dose 3","disease status 2","female",54
279.2,"dose 1","disease status 2","male",80
196.9,"dose 1","disease status 1","male",49
308.5,"dose 2","disease status 2","female",87
195.4,"dose 2","disease status 2","male",44
269.4,"dose 3","disease status 1","male",74
208.2,"dose 3","disease status 1","female",48
282.3,"dose 1","disease status 2","male",81
202.7,"dose 2","disease status 2","male",49
276.1,"dose 2","disease status 2","male",77
189.7,"dose 2","disease status 1","female",41
250.7,"dose 2","disease status 2","female",68
230.4,"dose 3","disease status 2","female",53
287,"dose 3","disease status 2","male",76
208.6,"dose 3","disease status 2","female",41
304.7,"dose 3","disease status 1","male",85
196.5,"dose 2","disease status 2","female",44
237.5,"dose 3","disease status 1","female",61
198.8,"dose 1","disease status 1","female",50
201.2,"dose 1","disease status 1","female",51
264.7,"dose 2","disease status 2","female",73
272,"dose 2","disease status 2","male",76
241.8,"dose 2","disease status 1","male",66
267.9,"dose 2","disease status 1","female",75
206.7,"dose 3","disease status 2","male",42
288.8,"dose 2","disease status 2","male",81
204.4,"dose 3","disease status 2","male",41
223.7,"dose 3","disease status 2","female",50
260.5,"dose 3","disease status 2","female",65
205.8,"dose 3","disease status 1","male",47
275.2,"dose 1","disease status 1","male",80
287.7,"dose 2","disease status 2","male",81
278,"dose 2","disease status 2","male",78
251.4,"dose 3","disease status 2","male",63
257.7,"dose 1","disease status 1","female",73
235.8,"dose 1","disease status 1","male",66
238.5,"dose 2","disease status 1","female",64
266.7,"dose 3","disease status 1","male",73
241.6,"dose 2","disease status 1","male",66
274.7,"dose 2","disease status 2","female",76
205.9,"dose 1","disease status 1","male",54
245.2,"dose 2","disease status 1","male",67
278.5,"dose 1","disease status 1","male",81
287.2,"dose 2","disease status 1","female",81
272,"dose 2","disease status 2","female",75
182.4,"dose 1","disease status 1","male",41
200,"dose 2","disease status 1","male",48
203.2,"dose 2","disease status 2","male",48
214.8,"dose 1","disease status 2","male",56
294.4,"dose 3","disease status 1","male",82
212.4,"dose 1","disease status 1","male",57
229.5,"dose 2","disease status 2","female",59
278.3,"dose 3","disease status 2","male",72
262.1,"dose 3","disease status 1","male",71
185.2,"dose 1","disease status 1","male",43
229.1,"dose 1","disease status 2","female",62
261.3,"dose 1","disease status 2","female",74
280,"dose 2","disease status 2","female",78
241.2,"dose 3","disease status 2","male",58
188,"dose 1","disease status 2","male",44
186.4,"dose 1","disease status 2","female",41
293.6,"dose 2","disease status 1","female",83
311.3,"dose 3","disease status 2","female",83
307.2,"dose 3","disease status 2","female",82
209.3,"dose 2","disease status 1","female",52
274.3,"dose 2","disease status 2","male",76
296.6,"dose 1","disease status 1","female",86
297.3,"dose 1","disease status 1","male",86
288.3,"dose 2","disease status 2","female",81
325.3,"dose 3","disease status 2","female",87
267.1,"dose 3","disease status 2","male",69
214.7,"dose 1","disease status 2","male",57
266.2,"dose 2","disease status 2","female",73
287.3,"dose 1","disease status 1","female",83
196.3,"dose 3","disease status 1","male",41
288.6,"dose 2","disease status 1","male",82
305.2,"dose 3","disease status 1","male",85
261.1,"dose 2","disease status 1","male",73
251.1,"dose 1","disease status 2","female",70
271.8,"dose 2","disease status 2","female",75
213,"dose 3","disease status 1","female",49
204.6,"dose 1","disease status 2","female",51
219.4,"dose 2","disease status 1","female",56
230.6,"dose 3","disease status 1","female",58
214.7,"dose 3","disease status 2","male",46
224.6,"dose 3","disease status 2","male",50
269,"dose 3","disease status 2","male",70
225.4,"dose 2","disease status 2","male",59
203.7,"dose 2","disease status 1","male",50
214.2,"dose 1","disease status 2","female",56
219.4,"dose 3","disease status 1","male",55
259.7,"dose 1","disease status 1","male",74
230.5,"dose 1","disease status 1","male",64
296.6,"dose 1","disease status 2","female",85
257.9,"dose 2","disease status 2","female",71
198.5,"dose 1","disease status 2","male",49
268.6,"dose 1","disease status 1","female",77
241.7,"dose 3","disease status 2","male",59
294,"dose 2","disease status 1","female",84
310.2,"dose 2","disease status 2","female",87
273.5,"dose 2","disease status 1","female",77
246.9,"dose 3","disease status 1","male",66
196.8,"dose 3","disease status 1","male",42
274.2,"dose 1","disease status 2","female",78
228.2,"dose 2","disease status 1","male",61
240.7,"dose 1","disease status 2","male",67
291.5,"dose 3","disease status 2","female",76
195,"dose 2","disease status 2","male",44
208.5,"dose 3","disease status 1","male",49
248.9,"dose 3","disease status 2","female",61
195.8,"dose 3","disease status 1","male",43
204,"dose 1","disease status 2","female",51
234.8,"dose 2","disease status 1","male",63
213.9,"dose 2","disease status 2","male",53
199.8,"dose 1","disease status 2","male",50
230.5,"dose 3","disease status 1","male",59
263.6,"dose 2","disease status 1","male",74
204.2,"dose 1","disease status 2","male",52
189.7,"dose 2","disease status 1","female",41
282.4,"dose 1","disease status 2","male",81
220.9,"dose 1","disease status 1","male",59
271.9,"dose 3","disease status 2","female",70
242.6,"dose 2","disease status 2","female",65
286.6,"dose 2","disease status 2","male",80
231.4,"dose 3","disease status 1","male",59
242.9,"dose 1","disease status 1","male",69
272.6,"dose 1","disease status 1","male",79
254.6,"dose 1","disease status 2","male",72
202.4,"dose 3","disease status 1","female",44
213,"dose 3","disease status 2","male",45
208,"dose 3","disease status 1","female",48
198.5,"dose 2","disease status 2","male",46
241.9,"dose 1","disease status 1","male",68
302.8,"dose 3","disease status 1","female",84
248.1,"dose 3","disease status 1","male",66
256.6,"dose 2","disease status 2","female",70
255.8,"dose 2","disease status 2","male",70
296.6,"dose 1","disease status 2","male",85
274,"dose 2","disease status 1","female",77
304.8,"dose 3","disease status 2","female",81
202.4,"dose 1","disease status 2","female",50
260.2,"dose 3","disease status 1","male",71
216.7,"dose 1","disease status 2","male",57
182.8,"dose 1","disease status 1","male",41
219.3,"dose 3","disease status 1","male",54
299.5,"dose 2","disease status 2","female",84
201.1,"dose 1","disease status 2","female",49
291.1,"dose 3","disease status 2","male",77
212.1,"dose 2","disease status 2","female",52
311.1,"dose 3","disease status 1","male",87
264.8,"dose 3","disease status 1","male",72
190.9,"dose 1","disease status 1","male",46
218.7,"dose 2","disease status 2","male",56
317.6,"dose 3","disease status 2","female",85
254.8,"dose 3","disease status 1","male",69
285.3,"dose 2","disease status 2","male",81
200.1,"dose 2","disease status 1","female",47
217.3,"dose 1","disease status 2","female",57
246.4,"dose 2","disease status 1","male",68
211.2,"dose 3","disease status 1","female",50
216.9,"dose 3","disease status 2","male",48
292.6,"dose 2","disease status 1","male",83
199.2,"dose 1","disease status 2","female",49
295.9,"dose 2","disease status 2","female",83
217.4,"dose 3","disease status 2","female",46
233.7,"dose 2","disease status 2","male",62
252.5,"dose 2","disease status 1","male",70
226.6,"dose 3","disease status 2","male",52
292.5,"dose 1","disease status 1","male",85
219.1,"dose 3","disease status 2","male",49
257.3,"dose 3","disease status 2","male",66
258.5,"dose 1","disease status 1","female",73
265.3,"dose 3","disease status 2","male",68
298,"dose 1","disease status 1","male",87
274.7,"dose 1","disease status 2","male",79
183.4,"dose 1","disease status 1","male",45
212.2,"dose 2","disease status 1","female",53
222.2,"dose 3","disease status 2","male",51
273.5,"dose 3","disease status 2","male",71
249.8,"dose 1","disease status 1","female",71
314.9,"dose 3","disease status 2","female",84
248.2,"dose 1","disease status 1","female",70
223.1,"dose 3","disease status 2","male",51
204.8,"dose 1","disease status 1","male",52
199.1,"dose 1","disease status 2","male",50
308.4,"dose 2","disease status 2","female",86
203.9,"dose 1","disease status 1","female",52
277.9,"dose 1","disease status 1","female",80
255.5,"dose 2","disease status 2","female",70
255.1,"dose 3","disease status 2","male",65
276,"dose 3","disease status 1","female",75
229.5,"dose 3","disease status 1","female",58
220.9,"dose 3","disease status 2","male",50
308.7,"dose 3","disease status 1","male",86
301.2,"dose 2","disease status 2","male",85
276.1,"dose 1","disease status 2","female",80
242.1,"dose 3","disease status 2","male",59
283.9,"dose 1","disease status 2","female",81
283.9,"dose 2","disease status 1","male",81
204.9,"dose 1","disease status 1","female",53
193.6,"dose 1","disease status 1","female",46
288.6,"dose 3","disease status 2","male",78
200,"dose 1","disease status 1","female",50
279.8,"dose 1","disease status 1","male",81
253.4,"dose 3","disease status 2","male",64
298.8,"dose 2","disease status 2","male",84
219.1,"dose 2","disease status 2","female",54
233.6,"dose 1","disease status 2","female",64
237.5,"dose 3","disease status 1","female",61
206.7,"dose 1","disease status 1","female",54
201.5,"dose 2","disease status 1","male",48
216.3,"dose 2","disease status 1","female",54
186.1,"dose 1","disease status 1","male",43
265.9,"dose 3","disease status 1","female",72
213.8,"dose 3","disease status 2","male",46
232.3,"dose 2","disease status 2","female",60
273.3,"dose 3","disease status 1","female",75
218.5,"dose 3","disease status 1","female",53
222.5,"dose 2","disease status 2","male",57
208.4,"dose 3","disease status 2","female",41
196.3,"dose 1","disease status 2","female",46
267.9,"dose 3","disease status 2","male",69
233.1,"dose 2","disease status 1","female",62
278,"dose 3","disease status 2","male",73
284.1,"dose 3","disease status 1","male",78
247.9,"dose 1","disease status 2","female",69
192.8,"dose 1","disease status 2","female",45
273.7,"dose 3","disease status 1","male",75
285.7,"dose 2","disease status 2","male",80
225.3,"dose 3","disease status 2","female",51
287.1,"dose 3","disease status 1","male",79
187.5,"dose 1","disease status 2","female",43
214.3,"dose 2","disease status 2","male",55
238.9,"dose 3","disease status 1","male",63
199.1,"dose 2","disease status 2","female",44
252.3,"dose 1","disease status 2","male",71
297.3,"dose 3","disease status 2","female",79
299.2,"dose 3","disease status 1","female",83
215.9,"dose 1","disease status 2","female",56
225.9,"dose 2","disease status 2","male",58
280.6,"dose 3","disease status 1","female",77
196.7,"dose 1","disease status 2","male",48
322.5,"dose 3","disease status 2","female",86
226.2,"dose 2","disease status 2","male",59
229.2,"dose 1","disease status 2","female",62
237.9,"dose 3","disease status 2","female",57
222.7,"dose 2","disease status 2","female",56
195,"dose 1","disease status 1","male",48
213,"dose 3","disease status 2","female",44
259.5,"dose 2","disease status 2","female",70
301,"dose 3","disease status 2","female",80
240.5,"dose 2","disease status 2","male",65
242.7,"dose 3","disease status 1","male",64
199.3,"dose 3","disease status 1","female",45
284.4,"dose 2","disease status 2","male",80
194.6,"dose 3","disease status 1","female",41
278.8,"dose 3","disease status 2","female",73
194,"dose 2","disease status 2","female",42
226.2,"dose 3","disease status 2","female",51
248.8,"dose 3","disease status 1","male",67
196.9,"dose 3","disease status 1","male",42
301.2,"dose 3","disease status 2","female",80
244.9,"dose 1","disease status 1","female",69
264.5,"dose 1","disease status 1","male",76
246.9,"dose 3","disease status 1","female",65
315.4,"dose 3","disease status 2","female",84
210.7,"dose 2","disease status 1","male",53
212.1,"dose 3","disease status 2","female",44
238.3,"dose 3","disease status 2","female",57
204.6,"dose 2","disease status 1","female",49
260.3,"dose 3","disease status 1","female",70
266.2,"dose 2","disease status 2","male",74
226.2,"dose 1","disease status 1","female",62
197.4,"dose 3","disease status 1","female",42
215,"dose 2","disease status 2","female",53
301.3,"dose 1","disease status 2","male",87
246.1,"dose 1","disease status 2","male",69
319.9,"dose 3","disease status 2","male",86
258.5,"dose 3","disease status 1","male",70
190.9,"dose 1","disease status 2","male",45
322.3,"dose 3","disease status 2","female",86
273.3,"dose 3","disease status 2","male",71
289,"dose 3","disease status 2","female",76
201.1,"dose 2","disease status 1","female",48
247.5,"dose 1","disease status 2","male",70
308.2,"dose 3","disease status 1","male",86
284.2,"dose 1","disease status 2","female",81
258.6,"dose 3","disease status 2","female",65
257.8,"dose 1","disease status 2","male",73
246.2,"dose 2","disease status 2","female",66
294,"dose 3","disease status 2","male",78
292.5,"dose 2","disease status 1","female",83
271.2,"dose 2","disease status 1","male",76
194.1,"dose 1","disease status 1","male",48
228.9,"dose 1","disease status 1","female",63
239.8,"dose 1","disease status 2","male",66
267,"dose 1","disease status 1","female",76
188.8,"dose 1","disease status 1","male",45
238.6,"dose 2","disease status 2","male",63
245.1,"dose 3","disease status 1","female",64
299.7,"dose 2","disease status 2","female",84
254.8,"dose 1","disease status 1","female",72
252.7,"dose 2","disease status 1","female",69
286.1,"dose 2","disease status 1","female",81
277,"dose 2","disease status 1","female",78
234.5,"dose 1","disease status 2","male",65
231.1,"dose 1","disease status 1","male",64
210.7,"dose 3","disease status 2","male",44
240.9,"dose 3","disease status 1","male",64
188.9,"dose 2","disease status 1","female",41
320,"dose 3","disease status 2","male",86
229.8,"dose 2","disease status 2","female",60
266.6,"dose 1","disease status 1","female",76
227,"dose 1","disease status 2","female",61
270,"dose 1","disease status 1","female",77
260,"dose 3","disease status 2","male",66
244.4,"dose 1","disease status 1","female",69
214.5,"dose 1","disease status 2","male",56
307.2,"dose 3","disease status 1","male",86
265.6,"dose 2","disease status 2","male",74
199.3,"dose 2","disease status 1","female",47
215.1,"dose 3","disease status 2","female",46
263.6,"dose 1","disease status 1","female",76
248.5,"dose 2","disease status 2","female",67
227.1,"dose 1","disease status 2","male",63
307,"dose 3","disease status 2","female",82
264.7,"dose 3","disease status 1","female",72
322.7,"dose 3","disease status 2","male",87
192.6,"dose 1","disease status 1","female",47
224.2,"dose 2","disease status 1","male",59
234.4,"dose 3","disease status 1","female",60
276.8,"dose 3","disease status 1","female",76
241.3,"dose 2","disease status 2","female",64
193.7,"dose 2","disease status 1","male",45
307.4,"dose 3","disease status 2","male",83
259,"dose 1","disease status 2","female",73
197.8,"dose 1","disease status 1","male",51
257.9,"dose 3","disease status 2","male",66
293,"dose 2","disease status 1","female",83
194.8,"dose 1","disease status 2","male",48
195.1,"dose 3","disease status 1","female",41
207.4,"dose 1","disease status 2","male",53
286,"dose 1","disease status 1","male",83
226.6,"dose 3","disease status 1","female",57
240.6,"dose 2","disease status 2","female",64
238.9,"dose 3","disease status 2","female",58
254.8,"dose 2","disease status 2","male",70
307.1,"dose 3","disease status 2","male",82
193.4,"dose 2","disease status 2","male",43
306.2,"dose 2","disease status 1","male",87
217.1,"dose 1","disease status 1","male",59
280.7,"dose 2","disease status 1","male",79
189.8,"dose 1","disease status 1","male",48
267.6,"dose 2","disease status 1","male",75
259.9,"dose 2","disease status 2","male",72
246.4,"dose 1","disease status 2","male",69
263.5,"dose 1","disease status 1","male",76
305.6,"dose 3","disease status 2","female",81
268.4,"dose 3","disease status 2","male",69
259.1,"dose 3","disease status 1","female",70
213.3,"dose 2","disease status 1","female",54
245.4,"dose 3","disease status 2","female",60
266.1,"dose 3","disease status 1","female",72
277.1,"dose 3","disease status 2","female",72
201.8,"dose 1","disease status 2","male",50
249.5,"dose 3","disease status 1","male",67
272,"dose 2","disease status 2","female",75
189.9,"dose 2","disease status 2","male",41
298.1,"dose 1","disease status 1","male",86
198.7,"dose 3","disease status 1","female",42
304.9,"dose 3","disease status 1","female",85
208.2,"dose 1","disease status 2","female",53
321.4,"dose 3","disease status 2","female",86
284.9,"dose 1","disease status 1","male",83
216,"dose 1","disease status 1","female",58
209,"dose 2","disease status 2","male",51
249.7,"dose 1","disease status 1","male",71
288.7,"dose 3","disease status 2","female",76
302.3,"dose 2","disease status 2","male",85
245.7,"dose 1","disease status 2","male",69
232.7,"dose 2","disease status 2","male",61
289.1,"dose 2","disease status 1","male",82
193.1,"dose 1","disease status 1","male",46
237.2,"dose 3","disease status 1","male",62
190.4,"dose 2","disease status 1","female",41
290.4,"dose 1","disease status 1","female",84
231.6,"dose 1","disease status 1","male",64
189.9,"dose 1","disease status 2","male",43
196.9,"dose 1","disease status 2","male",48
224,"dose 2","disease status 1","female",58
236.7,"dose 1","disease status 2","male",66
242.4,"dose 3","disease status 1","male",64
315.8,"dose 3","disease status 2","female",83
303.5,"dose 2","disease status 2","female",85
189.8,"dose 2","disease status 1","female",41
205.2,"dose 1","disease status 2","male",52
192.7,"dose 1","disease status 1","male",47
203.9,"dose 1","disease status 2","female",51
231.7,"dose 2","disease status 1","female",61
287.7,"dose 3","disease status 1","female",79
219.1,"dose 3","disease status 2","female",48
209.2,"dose 1","disease status 2","female",53
225.3,"dose 3","disease status 1","female",56
194.9,"dose 2","disease status 2","male",43
283.5,"dose 1","disease status 1","male",82
222.2,"dose 2","disease status 2","female",56
247.2,"dose 1","disease status 1","male",70
275.8,"dose 3","disease status 2","male",72
202.5,"dose 2","disease status 2","male",46
222.1,"dose 2","disease status 1","male",58
267.7,"dose 2","disease status 1","female",74
276.7,"dose 2","disease status 1","female",78
293.2,"dose 3","disease status 1","female",81
197.7,"dose 2","disease status 2","male",45
296.6,"dose 1","disease status 1","male",86
287.3,"dose 3","disease status 1","female",79
248.3,"dose 1","disease status 1","male",71
206.1,"dose 2","disease status 1","female",50
299.2,"dose 3","disease status 1","male",84
244.1,"dose 1","disease status 2","female",67
224.3,"dose 3","disease status 1","male",55
188.9,"dose 2","disease status 2","male",41
296.9,"dose 2","disease status 2","male",84
213.8,"dose 1","disease status 1","male",57
218,"dose 3","disease status 2","male",48
319.6,"dose 3","disease status 2","male",86
193.1,"dose 2","disease status 2","female",41
225.5,"dose 3","disease status 2","male",52
238.4,"dose 1","disease status 2","female",65
203.2,"dose 3","disease status 1","male",46
300.9,"dose 3","disease status 2","female",79
255.6,"dose 3","disease status 1","male",69
207.3,"dose 1","disease status 1","male",54
274.8,"dose 2","disease status 1","female",77
215.7,"dose 3","disease status 1","male",54
203.4,"dose 2","disease status 1","male",49
281.6,"dose 2","disease status 2","male",79
237.7,"dose 3","disease status 1","male",62
305.1,"dose 3","disease status 1","female",84
270.2,"dose 1","disease status 2","male",77
202.1,"dose 3","disease status 1","female",45
258.5,"dose 3","disease status 2","male",65
291,"dose 3","disease status 2","male",77
225.9,"dose 3","disease status 2","male",53
249.5,"dose 2","disease status 2","male",67
218.4,"dose 2","disease status 1","male",56
252,"dose 2","disease status 1","female",69
205.9,"dose 3","disease status 2","female",41
212.5,"dose 3","disease status 2","male",45
290,"dose 1","disease status 2","female",82
293.1,"dose 3","disease status 1","female",81
197.9,"dose 2","disease status 1","male",46
230.5,"dose 3","disease status 1","female",59
230.5,"dose 3","disease status 2","female",54
188.7,"dose 1","disease status 1","male",45
206.4,"dose 2","disease status 1","female",51
210.6,"dose 3","disease status 1","female",49
194.5,"dose 1","disease status 1","female",47
268.9,"dose 1","disease status 2","female",76
292.5,"dose 2","disease status 1","female",83
202.6,"dose 3","disease status 1","female",45
199.7,"dose 1","disease status 1","female",50
279.9,"dose 1","disease status 2","female",80
245.9,"dose 2","disease status 2","male",67
249,"dose 1","disease status 1","female",70
217.3,"dose 1","disease status 2","female",57
243.9,"dose 1","disease status 2","male",68
218.8,"dose 2","disease status 2","female",55
272.6,"dose 3","disease status 2","female",70
209.8,"dose 3","disease status 1","male",50
218.4,"dose 3","disease status 1","female",56
283.5,"dose 2","disease status 2","female",79
250.5,"dose 3","disease status 2","female",62
301.4,"dose 2","disease status 2","male",85
242.7,"dose 1","disease status 1","female",67
196.8,"dose 1","disease status 2","male",47
288.7,"dose 3","disease status 1","male",80
273.6,"dose 3","disease status 1","male",75
212.7,"dose 3","disease status 1","female",50
275.3,"dose 3","disease status 1","female",75
208.2,"dose 2","disease status 2","female",50
265.3,"dose 1","disease status 1","male",77
196.5,"dose 2","disease status 2","female",43
295,"dose 2","disease status 2","male",83
305.8,"dose 3","disease status 2","female",81
257.2,"dose 1","disease status 2","female",72
284.7,"dose 2","disease status 2","female",79
188.5,"dose 1","disease status 2","male",43
270.6,"dose 3","disease status 1","female",74
285.8,"dose 2","disease status 2","female",80
244.1,"dose 3","disease status 2","female",60
242.5,"dose 1","disease status 2","female",67
239,"dose 1","disease status 1","male",67
307.6,"dose 3","disease status 2","female",82
239.8,"dose 3","disease status 1","male",63
189.5,"dose 1","disease status 1","male",43
223.9,"dose 3","disease status 1","female",56
247,"dose 1","disease status 2","female",69
224.2,"dose 1","disease status 2","male",61
234.9,"dose 2","disease status 1","male",64
281.8,"dose 3","disease status 2","male",74
247,"dose 2","disease status 1","male",68
301.4,"dose 3","disease status 1","male",84
235.5,"dose 2","disease status 2","male",63
214.3,"dose 1","disease status 1","female",57
294.7,"dose 2","disease status 2","male",83
203.1,"dose 2","disease status 1","female",48
283,"dose 3","disease status 1","female",78
212.8,"dose 1","disease status 1","female",56
203.7,"dose 2","disease status 2","female",47
215.7,"dose 3","disease status 2","female",46
234.8,"dose 1","disease status 2","female",63
235.8,"dose 2","disease status 2","female",61
323.3,"dose 3","disease status 2","female",86
245.4,"dose 3","disease status 2","male",61
203.3,"dose 3","disease status 1","male",46
306.8,"dose 3","disease status 2","male",82
317.1,"dose 3","disease status 2","female",85
216.4,"dose 1","disease status 1","male",58
269.2,"dose 2","disease status 1","male",75
244.7,"dose 3","disease status 1","female",64
207.3,"dose 2","disease status 2","female",48
200.9,"dose 2","disease status 2","male",47
258.9,"dose 1","disease status 1","female",74
252,"dose 2","disease status 2","male",69
247.9,"dose 3","disease status 1","female",65
280.6,"dose 2","disease status 2","male",78
273.3,"dose 1","disease status 1","female",79
296.4,"dose 2","disease status 2","female",83
205.4,"dose 2","disease status 2","female",48
282.7,"dose 3","disease status 2","male",74
295.7,"dose 3","disease status 1","female",82
217,"dose 3","disease status 2","male",48
263.2,"dose 2","disease status 1","female",73
204.9,"dose 2","disease status 2","female",48
281.5,"dose 2","disease status 1","female",80
217.3,"dose 3","disease status 2","male",50
290,"dose 3","disease status 2","female",76
205.5,"dose 1","disease status 2","female",52
275.9,"dose 3","disease status 2","female",71
239.4,"dose 2","disease status 1","female",64
248.6,"dose 2","disease status 2","female",67
273.6,"dose 3","disease status 2","male",71
283,"dose 3","disease status 1","male",78
192,"dose 1","disease status 2","female",45
217.5,"dose 2","disease status 1","female",55
196.2,"dose 2","disease status 2","female",43
231.9,"dose 1","disease status 2","female",63
266.6,"dose 3","disease status 2","female",68
274.1,"dose 3","disease status 1","male",75
255.8,"dose 3","disease status 2","female",64
268.3,"dose 2","disease status 1","female",75
263.8,"dose 2","disease status 1","male",74
212.8,"dose 3","disease status 2","female",45
201.8,"dose 1","disease status 1","female",51
211.1,"dose 1","disease status 2","female",54
246.6,"dose 3","disease status 1","female",65
219.2,"dose 3","disease status 1","female",55
226.6,"dose 1","disease status 1","female",62
237,"dose 3","disease status 1","male",61
221.6,"dose 1","disease status 1","male",60
265.2,"dose 3","disease status 1","female",72
295.5,"dose 2","disease status 2","female",83
212.1,"dose 3","disease status 2","male",45
194.1,"dose 1","disease status 2","female",46
212,"dose 1","disease status 1","male",56
215,"dose 2","disease status 2","male",54
286.1,"dose 3","disease status 1","female",79
212.3,"dose 2","disease status 2","male",52
193.3,"dose 1","disease status 2","male",46
201.1,"dose 2","disease status 1","female",47
273.1,"dose 1","disease status 2","female",78
197.5,"dose 2","disease status 2","male",45
301.1,"dose 1","disease status 2","male",86
204.4,"dose 2","disease status 2","male",48
271.7,"dose 1","disease status 2","female",77
292.8,"dose 3","disease status 1","female",81
288.9,"dose 2","disease status 2","female",81
244.2,"dose 2","disease status 1","female",66
218.3,"dose 1","disease status 1","male",59
300.7,"dose 2","disease status 1","female",87
187,"dose 1","disease status 2","male",42
243.3,"dose 1","disease status 2","male",68
263.2,"dose 1","disease status 2","female",74
264.5,"dose 2","disease status 1","female",74
324.5,"dose 3","disease status 2","male",87
301.6,"dose 3","disease status 1","female",83
195.8,"dose 2","disease status 1","female",44
229.6,"dose 3","disease status 2","male",53
197.4,"dose 2","disease status 2","female",44
221.2,"dose 1","disease status 2","male",59
219.5,"dose 3","disease status 2","male",48
224.2,"dose 2","disease status 2","male",58
246.8,"dose 1","disease status 1","male",70
236.8,"dose 2","disease status 2","male",63
297.8,"dose 3","disease status 1","male",83
228.9,"dose 3","disease status 2","female",52
256.3,"dose 1","disease status 1","male",73
230,"dose 2","disease status 1","male",61
273.1,"dose 2","disease status 2","male",76
285.6,"dose 2","disease status 1","male",81
210.9,"dose 1","disease status 1","female",55
197.7,"dose 1","disease status 1","female",49
278.2,"dose 2","disease status 2","male",78
205.7,"dose 2","disease status 1","male",51
206.4,"dose 1","disease status 2","male",53
214,"dose 3","disease status 1","male",51
231.8,"dose 3","disease status 2","female",54
276.2,"dose 3","disease status 2","male",72
193.9,"dose 2","disease status 2","male",43
216.3,"dose 1","disease status 2","female",56
281.7,"dose 3","disease status 1","male",78
189.1,"dose 1","disease status 2","male",44
201,"dose 2","disease status 1","female",48
277,"dose 3","disease status 2","male",73
207.9,"dose 1","disease status 1","female",54
246.6,"dose 2","disease status 1","female",67
236.7,"dose 2","disease status 2","male",63
208.1,"dose 2","disease status 2","female",51
262.5,"dose 1","disease status 2","female",74
285.7,"dose 3","disease status 2","female",75
256.4,"dose 3","disease status 1","female",69
204.2,"dose 1","disease status 1","male",53
221.6,"dose 1","disease status 2","male",59
188.1,"dose 1","disease status 2","female",42
236.5,"dose 2","disease status 1","female",63
277.1,"dose 3","disease status 2","male",73
283.3,"dose 1","disease status 2","female",81
210.4,"dose 1","disease status 2","female",53
206.7,"dose 1","disease status 2","female",52
278.3,"dose 1","disease status 1","female",80
292.2,"dose 2","disease status 2","male",82
274.5,"dose 2","disease status 2","female",76
270.3,"dose 3","disease status 1","male",74
189.1,"dose 2","disease status 1","male",41
240.3,"dose 2","disease status 2","male",64
247.7,"dose 1","disease status 1","male",71
192.7,"dose 2","disease status 1","male",44
213.6,"dose 1","disease status 1","male",57
208.4,"dose 2","disease status 1","male",52
236.3,"dose 1","disease status 1","female",66
222,"dose 1","disease status 2","male",60
217,"dose 2","disease status 2","male",55
311.9,"dose 3","disease status 2","male",83
238.7,"dose 3","disease status 1","male",62
226.4,"dose 1","disease status 1","male",63
317.8,"dose 3","disease status 2","male",85
283.5,"dose 2","disease status 1","female",80
184.8,"dose 1","disease status 1","male",43
278.1,"dose 1","disease status 2","male",79
311.7,"dose 3","disease status 2","female",83
202.1,"dose 1","disease status 1","male",52
223.2,"dose 2","disease status 1","male",59
252.8,"dose 3","disease status 1","female",67
267.3,"dose 3","disease status 2","male",69
255.6,"dose 3","disease status 2","female",64
198.5,"dose 3","disease status 1","female",43
220.6,"dose 3","disease status 1","female",54
213.3,"dose 3","disease status 2","male",45
291.7,"dose 3","disease status 2","female",77
257.8,"dose 2","disease status 1","male",72
272.4,"dose 1","disease status 2","male",78
202.2,"dose 2","disease status 2","male",48
201,"dose 2","disease status 1","male",48
296.3,"dose 1","disease status 2","female",85
269.7,"dose 2","disease status 1","female",75
244.5,"dose 1","disease status 1","male",69
291.1,"dose 3","disease status 1","male",81
208.8,"dose 1","disease status 2","male",55
252.5,"dose 1","disease status 1","female",71
206.7,"dose 2","disease status 1","male",52
228.4,"dose 1","disease status 2","female",61
285.6,"dose 3","disease status 2","female",75
257.6,"dose 1","disease status 1","male",74
230.2,"dose 3","disease status 2","female",53
294.4,"dose 1","disease status 1","female",85
277.5,"dose 2","disease status 2","male",78
239.3,"dose 2","disease status 2","female",64
316.4,"dose 3","disease status 2","female",85
200.3,"dose 2","disease status 1","female",48
250.9,"dose 2","disease status 2","female",68
260.4,"dose 1","disease status 2","female",74
293.2,"dose 1","disease status 1","male",85
276.9,"dose 1","disease status 1","female",80
275.7,"dose 1","disease status 1","male",80
215.2,"dose 3","disease status 2","male",46
210.5,"dose 3","disease status 2","male",43
218.3,"dose 1","disease status 1","male",60
268.5,"dose 3","disease status 2","male",69
215.1,"dose 1","disease status 1","female",56
274.4,"dose 1","disease status 2","male",78
231,"dose 2","disease status 1","female",61
311.6,"dose 3","disease status 2","female",83
310.2,"dose 3","disease status 2","male",83
216.9,"dose 1","disease status 2","female",57
217,"dose 2","disease status 2","male",56
214.3,"dose 2","disease status 1","female",53
257.5,"dose 3","disease status 1","male",70
251.5,"dose 3","disease status 2","female",62
220.1,"dose 1","disease status 2","male",58
184.6,"dose 1","disease status 2","female",41
308.1,"dose 3","disease status 2","male",82
241,"dose 3","disease status 1","male",63
243.6,"dose 2","disease status 2","female",65
256.5,"dose 3","disease status 2","female",64
225.2,"dose 3","disease status 1","female",57
241.3,"dose 2","disease status 1","male",66
203.4,"dose 1","disease status 1","female",52
201.6,"dose 1","disease status 2","female",51
223.2,"dose 2","disease status 2","female",57
190.8,"dose 2","disease status 1","male",42
268.2,"dose 1","disease status 2","male",77
268.6,"dose 1","disease status 2","female",76
196.5,"dose 3","disease status 1","male",42
295,"dose 1","disease status 1","female",85
292.9,"dose 1","disease status 2","male",84
284.3,"dose 2","disease status 2","male",80
235.2,"dose 3","disease status 1","male",61
195.7,"dose 3","disease status 1","male",42
239.9,"dose 1","disease status 1","female",66
314.8,"dose 3","disease status 2","male",85
262.3,"dose 2","disease status 1","female",73
246.9,"dose 1","disease status 1","female",69
196,"dose 2","disease status 2","female",43
202.5,"dose 1","disease status 1","male",52
191,"dose 1","disease status 1","female",43
247.8,"dose 3","disease status 2","female",61
205.5,"dose 3","disease status 2","male",41
266.1,"dose 1","disease status 2","female",76
214.2,"dose 1","disease status 1","female",57
223,"dose 3","disease status 1","female",55
247.6,"dose 3","disease status 1","male",65
256.6,"dose 3","disease status 1","female",69
193.3,"dose 1","disease status 2","male",46
268.8,"dose 1","disease status 1","female",77
224.2,"dose 3","disease status 2","male",50
185.9,"dose 1","disease status 2","male",41
257.3,"dose 2","disease status 2","male",71
214.2,"dose 3","disease status 1","female",51
209.3,"dose 3","disease status 2","female",43
306.8,"dose 2","disease status 1","female",86
203,"dose 2","disease status 1","female",49
190.6,"dose 2","disease status 1","male",42
229.4,"dose 3","disease status 2","female",51
239.8,"dose 1","disease status 1","female",69
239.4,"dose 2","disease status 1","male",65
274.1,"dose 1","disease status 1","male",79
205.3,"dose 2","disease status 2","male",49
312.6,"dose 3","disease status 1","male",87
245.3,"dose 2","disease status 1","male",67
198.2,"dose 2","disease status 2","male",44
295.4,"dose 3","disease status 2","female",78
202.9,"dose 1","disease status 1","male",53
241.1,"dose 1","disease status 2","female",67
301.2,"dose 1","disease status 2","male",87
216.7,"dose 1","disease status 1","female",57
230.8,"dose 3","disease status 1","male",59
277.5,"dose 2","disease status 2","female",77
218.7,"dose 3","disease status 2","female",48
230.2,"dose 3","disease status 1","female",59
250.9,"dose 1","disease status 1","male",71
211.1,"dose 2","disease status 2","female",52
231.3,"dose 3","disease status 2","male",55
275.2,"dose 3","disease status 1","female",75
241.2,"dose 1","disease status 1","female",67
217.9,"dose 1","disease status 1","female",58
201.4,"dose 2","disease status 2","female",46
233.1,"dose 3","disease status 1","female",60
308.8,"dose 3","disease status 1","male",86
208.8,"dose 1","disease status 2","male",54
289.1,"dose 3","disease status 2","male",77
261.2,"dose 2","disease status 1","male",73
243.5,"dose 2","disease status 2","female",65
246.8,"dose 2","disease status 1","female",67
205.7,"dose 3","disease status 2","female",41
194.7,"dose 2","disease status 1","male",44
232.7,"dose 1","disease status 1","female",64
232.4,"dose 3","disease status 1","male",60
274.7,"dose 3","disease status 1","female",75
260.6,"dose 1","disease status 2","male",74
231,"dose 3","disease status 2","male",55
257.3,"dose 3","disease status 1","female",69
226.4,"dose 2","disease status 2","male",59
270.1,"dose 2","disease status 2","male",75
243.5,"dose 1","disease status 1","female",68
273.6,"dose 3","disease status 1","male",76
214.2,"dose 2","disease status 2","female",52
238.5,"dose 1","disease status 1","male",67
262.5,"dose 3","disease status 1","female",71
217.2,"dose 2","disease status 2","male",55
290.8,"dose 2","disease status 2","male",82
262.6,"dose 2","disease status 2","female",72
226.6,"dose 2","disease status 2","male",60
252.4,"dose 1","disease status 2","female",71
275.5,"dose 1","disease status 1","female",79
234.7,"dose 1","disease status 1","male",66
293.2,"dose 2","disease status 1","male",83
222.9,"dose 1","disease status 1","male",61
225.2,"dose 2","disease status 2","male",58
217.9,"dose 1","disease status 2","female",57
258.7,"dose 1","disease status 1","female",74
179.8,"dose 1","disease status 2","male",41
214.6,"dose 2","disease status 1","female",54
256.4,"dose 2","disease status 1","female",70
245.8,"dose 3","disease status 1","male",66
191.2,"dose 1","disease status 2","female",45
281.3,"dose 2","disease status 1","male",80
242.9,"dose 3","disease status 1","female",65
263.7,"dose 2","disease status 1","female",73
260.3,"dose 1","disease status 1","male",75
278.8,"dose 1","disease status 1","female",80
260.5,"dose 2","disease status 1","male",73
291.6,"dose 2","disease status 1","male",83
255.8,"dose 1","disease status 1","male",73
267.2,"dose 2","disease status 1","female",75
226.1,"dose 2","disease status 2","male",58
219.8,"dose 3","disease status 2","male",49
235.2,"dose 2","disease status 2","male",63
251.2,"dose 1","disease status 1","male",72
296.1,"dose 1","disease status 2","female",85
256.7,"dose 1","disease status 1","female",73
209.8,"dose 2","disease status 2","female",51
303.8,"dose 1","disease status 2","male",87
204.5,"dose 2","disease status 1","female",49
298.9,"dose 2","disease status 2","male",84
248.2,"dose 1","disease status 1","male",70
225.8,"dose 1","disease status 2","male",62
227.1,"dose 3","disease status 1","female",56
238.3,"dose 2","disease status 1","male",64
315.4,"dose 3","disease status 2","female",84
285.7,"dose 3","disease status 2","female",75
324.7,"dose 3","disease status 2","female",87
241,"dose 1","disease status 1","male",68
226.9,"dose 1","disease status 1","female",62
204.6,"dose 1","disease status 2","male",52
290.4,"dose 1","disease status 1","male",84
307.8,"dose 3","disease status 2","female",82
194.2,"dose 3","disease status 1","male",41
235.3,"dose 1","disease status 1","male",66
203.1,"dose 2","disease status 1","female",49
256.3,"dose 3","disease status 1","female",69
203.3,"dose 3","disease status 1","female",46
214.7,"dose 3","disease status 2","male",46
258.2,"dose 2","disease status 1","female",71
209.3,"dose 1","disease status 1","male",54
244.6,"dose 2","disease status 2","female",66
190.6,"dose 1","disease status 1","male",46
196.5,"dose 1","disease status 1","female",49
290.9,"dose 1","disease status 1","female",84
278.5,"dose 3","disease status 1","female",76
297,"dose 3","disease status 2","male",79
277.1,"dose 2","disease status 1","female",78
292.5,"dose 3","disease status 2","female",77
271.7,"dose 3","disease status 1","female",74
207.9,"dose 2","disease status 2","female",51
187.7,"dose 1","disease status 1","male",44
248.6,"dose 1","disease status 2","male",70
294.8,"dose 2","disease status 1","male",83
191.4,"dose 2","disease status 2","male",41
264.3,"dose 3","disease status 2","female",67
302.1,"dose 1","disease status 2","male",87
241.7,"dose 1","disease status 2","male",67
283,"dose 3","disease status 2","female",74
264.1,"dose 2","disease status 1","female",74
292.6,"dose 3","disease status 1","male",81
277,"dose 2","disease status 1","male",78
279.6,"dose 1","disease status 2","male",80
258.8,"dose 2","disease status 1","male",73
307.7,"dose 3","disease status 2","male",82
311.3,"dose 2","disease status 2","female",87
299.5,"dose 1","disease status 2","male",86
263.6,"dose 2","disease status 2","male",73
267.4,"dose 3","disease status 2","male",68
309.8,"dose 2","disease status 2","female",87
223.3,"dose 3","disease status 1","female",55
244.6,"dose 2","disease status 1","male",67
232.3,"dose 2","disease status 2","male",61
265.3,"dose 1","disease status 1","male",76
250,"dose 3","disease status 1","female",67
254.5,"dose 3","disease status 1","female",68
237.8,"dose 3","disease status 2","male",57
273.3,"dose 3","disease status 2","male",71
242.5,"dose 2","disease status 2","male",66
203.9,"dose 2","disease status 1","female",48
273.2,"dose 1","disease status 2","female",78
218.7,"dose 2","disease status 2","male",56
196.3,"dose 3","disease status 1","female",41
294.9,"dose 2","disease status 1","male",84
235.9,"dose 3","disease status 2","male",56
294.5,"dose 3","disease status 1","male",81
268,"dose 1","disease status 1","male",77
210.8,"dose 3","disease status 1","male",50
192.5,"dose 2","disease status 2","male",42
247.1,"dose 1","disease status 1","male",70
239.2,"dose 2","disease status 2","male",64
261.1,"dose 1","disease status 2","male",74
290.2,"dose 3","disease status 2","male",77
289.7,"dose 2","disease status 2","male",81
244.8,"dose 1","disease status 1","male",70
261.5,"dose 1","disease status 1","male",75
302,"dose 3","disease status 1","male",84
300.7,"dose 1","disease status 2","female",86
207.6,"dose 2","disease status 1","male",51
238.6,"dose 2","disease status 2","female",64
230.9,"dose 2","disease status 1","female",61
215.4,"dose 1","disease status 2","female",55
214.3,"dose 3","disease status 2","male",46
262,"dose 2","disease status 2","male",72
219.2,"dose 3","disease status 2","female",47
209.8,"dose 1","disease status 1","male",55
257.5,"dose 3","disease status 2","female",65
191,"dose 2","disease status 1","female",42
301,"dose 1","disease status 1","male",87
293,"dose 2","disease status 2","female",82
232.9,"dose 2","disease status 2","female",61
223.5,"dose 2","disease status 1","female",58
278.8,"dose 2","disease status 1","male",79
277.5,"dose 3","disease status 1","female",76
318.6,"dose 3","disease status 2","male",86
239.6,"dose 3","disease status 2","male",58
267.9,"dose 3","disease status 1","female",73
199.8,"dose 2","disease status 1","male",48
215.9,"dose 2","disease status 2","male",54
242.6,"dose 1","disease status 2","female",67
259.4,"dose 2","disease status 1","male",74
295.2,"dose 1","disease status 2","female",85
223.7,"dose 2","disease status 2","female",57
214.6,"dose 1","disease status 2","male",56
225.1,"dose 2","disease status 2","male",59
232.5,"dose 2","disease status 2","female",61
319.6,"dose 3","disease status 2","male",86
276,"dose 3","disease status 2","male",73
234,"dose 1","disease status 1","male",65
307.2,"dose 3","disease status 2","male",82
193.7,"dose 3","disease status 1","male",41
282.8,"dose 3","disease status 1","male",78
238.2,"dose 1","disease status 2","male",66
314.7,"dose 3","disease status 2","female",84
209.5,"dose 2","disease status 2","female",50
207.6,"dose 2","disease status 2","female",50
315.1,"dose 3","disease status 2","female",85
253.8,"dose 3","disease status 2","female",64
274.4,"dose 1","disease status 1","male",79
318.1,"dose 3","disease status 2","female",85
194,"dose 2","disease status 2","female",42
252.4,"dose 1","disease status 2","male",71
255,"dose 1","disease status 1","male",73
296,"dose 2","disease status 2","female",83
204.2,"dose 2","disease status 2","female",47
226.8,"dose 2","disease status 1","male",61
237.8,"dose 3","disease status 1","male",62
215.6,"dose 3","disease status 1","female",52
288.6,"dose 1","disease status 2","male",83
221.9,"dose 3","disease status 1","female",56
222.5,"dose 3","disease status 2","male",50
302.1,"dose 1","disease status 2","male",87
212.2,"dose 1","disease status 1","male",56
187.9,"dose 1","disease status 2","male",44
271,"dose 2","disease status 1","male",76
283.3,"dose 1","disease status 1","male",82
210,"dose 3","disease status 2","male",43
187.5,"dose 1","disease status 1","male",45
254.6,"dose 2","disease status 2","male",70
276.1,"dose 2","disease status 1","female",78
280.5,"dose 3","disease status 1","female",76
268.8,"dose 3","disease status 2","male",70
261.1,"dose 1","disease status 1","male",75
221.3,"dose 3","disease status 1","male",55
203.8,"dose 2","disease status 1","male",48
188.6,"dose 1","disease status 1","male",45
199.6,"dose 3","disease status 1","female",43
242.3,"dose 2","disease status 1","male",66
254.1,"dose 2","disease status 2","male",69
224.4,"dose 2","disease status 1","male",59
204.8,"dose 1","disease status 2","female",51
254.8,"dose 2","disease status 1","male",71
216.1,"dose 2","disease status 1","female",55
298.4,"dose 3","disease status 1","male",83
191.1,"dose 1","disease status 2","male",45
285.2,"dose 3","disease status 1","female",78
264.8,"dose 1","disease status 2","male",76
286.7,"dose 1","disease status 2","female",82
228.3,"dose 3","disease status 2","female",53
272.6,"dose 2","disease status 2","female",76
324,"dose 3","disease status 2","female",87
220.4,"dose 1","disease status 2","female",57
307.6,"dose 3","disease status 2","female",81
189.2,"dose 1","disease status 2","female",43
266.8,"dose 1","disease status 2","male",76
302.1,"dose 2","disease status 2","female",85
299.8,"dose 3","disease status 1","female",83
210,"dose 2","disease status 1","male",52
212.9,"dose 3","disease status 2","female",43
216.4,"dose 2","disease status 1","female",55
274.5,"dose 3","disease status 2","female",71
313.1,"dose 3","disease status 1","male",87
305.2,"dose 2","disease status 2","female",85
200.2,"dose 2","disease status 2","female",45
244.7,"dose 2","disease status 1","male",67
260.5,"dose 2","disease status 2","male",72
313,"dose 3","disease status 2","female",83
290.2,"dose 2","disease status 2","female",81
276.5,"dose 3","disease status 1","male",76
272.1,"dose 2","disease status 2","female",75
207.6,"dose 2","disease status 2","female",50
271.5,"dose 3","disease status 1","female",75
304,"dose 3","disease status 1","male",85
275.7,"dose 1","disease status 1","female",79
305.4,"dose 3","disease status 1","female",84
232,"dose 3","disease status 2","female",54
206.3,"dose 2","disease status 1","female",49
256.2,"dose 3","disease status 2","male",65
205.7,"dose 1","disease status 2","male",51
262.6,"dose 1","disease status 1","female",75
190.3,"dose 3","disease status 1","male",41
303.9,"dose 1","disease status 2","female",87
260.6,"dose 3","disease status 1","female",70
256.5,"dose 1","disease status 2","male",73
224.2,"dose 2","disease status 1","female",58
250,"dose 3","disease status 2","male",63
211.1,"dose 1","disease status 1","female",55
270.8,"dose 2","disease status 2","female",75
228.4,"dose 2","disease status 1","female",60
246.3,"dose 2","disease status 2","female",66
235.9,"dose 1","disease status 2","female",64
298.9,"dose 2","disease status 2","male",84
208.2,"dose 3","disease status 1","male",49
292.8,"dose 3","disease status 1","male",81
296.2,"dose 2","disease status 2","female",83
216.3,"dose 2","disease status 1","male",56
222.4,"dose 3","disease status 1","female",55
236.7,"dose 2","disease status 2","male",64
222.6,"dose 1","disease status 1","male",61
198.1,"dose 3","disease status 1","male",43
253,"dose 2","disease status 1","female",70
244.2,"dose 3","disease status 2","female",59
216.5,"dose 3","disease status 2","female",45
244.6,"dose 3","disease status 2","male",60
232.2,"dose 3","disease status 2","male",54
229.3,"dose 2","disease status 2","female",59
236.9,"dose 1","disease status 2","female",65
274.8,"dose 2","disease status 1","female",77
204.4,"dose 3","disease status 1","male",47
246.3,"dose 1","disease status 2","male",69
262,"dose 1","disease status 2","female",74
216.5,"dose 1","disease status 2","male",57
192.5,"dose 2","disease status 1","male",44
225.6,"dose 3","disease status 2","male",51
286.8,"dose 1","disease status 1","female",83
213.8,"dose 3","disease status 2","female",45
313.8,"dose 3","disease status 1","female",87
251.8,"dose 2","disease status 1","female",69
295.5,"dose 3","disease status 1","male",82
210.2,"dose 1","disease status 2","female",55
261.5,"dose 2","disease status 1","female",72
211.1,"dose 2","disease status 1","female",52
267.6,"dose 2","disease status 2","male",75
249.2,"dose 3","disease status 1","male",66
307.5,"dose 3","disease status 1","male",86
189,"dose 2","disease status 1","male",41
213.5,"dose 2","disease status 2","female",53
212.1,"dose 2","disease status 1","male",54
301.5,"dose 1","disease status 1","male",87
202.6,"dose 3","disease status 1","male",46
261.6,"dose 2","disease status 2","male",72
283.6,"dose 3","disease status 1","female",78
222.6,"dose 1","disease status 2","female",59
295,"dose 1","disease status 1","male",86
315,"dose 3","disease status 2","male",84
216.3,"dose 1","disease status 2","female",56
221.1,"dose 3","disease status 2","female",49
211.6,"dose 1","disease status 2","female",55
218.8,"dose 3","disease status 1","male",54
215.3,"dose 3","disease status 1","female",51
278.9,"dose 2","disease status 2","male",79
267.7,"dose 3","disease status 1","male",73
288.2,"dose 1","disease status 2","male",83
279.3,"dose 3","disease status 1","male",77
209.2,"dose 3","disease status 2","female",43
239,"dose 2","disease status 1","male",65
202.4,"dose 2","disease status 1","male",49
237.4,"dose 2","disease status 2","male",63
273,"dose 2","disease status 2","male",77
282.9,"dose 3","disease status 1","female",78
216.8,"dose 2","disease status 2","female",54
236.7,"dose 3","disease status 2","male",57
210.6,"dose 3","disease status 1","female",49
325.2,"dose 3","disease status 2","female",87
269.6,"dose 1","disease status 1","female",77
226.5,"dose 3","disease status 1","male",57
190.3,"dose 1","disease status 2","female",43
193.1,"dose 1","disease status 2","female",46
259.3,"dose 2","disease status 1","female",72
279.9,"dose 2","disease status 2","male",78
243.1,"dose 3","disease status 2","male",60
212,"dose 2","disease status 1","female",53
229.8,"dose 1","disease status 1","female",63
198.7,"dose 3","disease status 1","female",43
192.1,"dose 2","disease status 1","female",42
291.8,"dose 3","disease status 2","male",78
290.2,"dose 1","disease status 2","female",83
207.3,"dose 2","disease status 1","male",51
210.2,"dose 3","disease status 2","male",44
212.5,"dose 1","disease status 2","male",56
204.7,"dose 1","disease status 1","male",53
319.5,"dose 3","disease status 2","male",86
291,"dose 2","disease status 2","female",80
190.6,"dose 1","disease status 2","female",44
262.8,"dose 2","disease status 1","female",73
241.4,"dose 3","disease status 1","male",64
249.4,"dose 2","disease status 2","female",67
279.9,"dose 3","disease status 1","female",77
314.7,"dose 3","disease status 1","female",87
193,"dose 2","disease status 1","male",44
265.1,"dose 3","disease status 2","male",68
225.3,"dose 2","disease status 2","female",59
319.2,"dose 3","disease status 2","female",85
281.3,"dose 2","disease status 1","male",80
184.2,"dose 1","disease status 2","male",41
211.2,"dose 1","disease status 2","female",54
216.7,"dose 3","disease status 1","female",52
218.3,"dose 2","disease status 1","male",57
244.3,"dose 3","disease status 1","female",64
200.9,"dose 1","disease status 2","male",50
300.8,"dose 3","disease status 1","male",84
195.3,"dose 1","disease status 2","male",47
241,"dose 2","disease status 2","female",64
317.9,"dose 3","disease status 2","female",85
227.1,"dose 2","disease status 1","female",59
285.2,"dose 3","disease status 2","male",75
220.9,"dose 3","disease status 1","female",54
239.1,"dose 1","disease status 1","male",68
212.3,"dose 3","disease status 1","male",51
224.6,"dose 3","disease status 1","female",56
259.5,"dose 1","disease status 1","male",75
284.4,"dose 1","disease status 2","female",82
251.3,"dose 2","disease status 2","female",69
241,"dose 2","disease status 2","female",65
228.2,"dose 2","disease status 1","female",60
199.5,"dose 1","disease status 1","female",49
230.4,"dose 1","disease status 1","male",64
261,"dose 3","disease status 2","male",67
303.6,"dose 1","disease status 2","male",87
269.1,"dose 2","disease status 2","female",74
310.9,"dose 3","disease status 1","female",86
297.1,"dose 1","disease status 1","male",86
294.6,"dose 1","disease status 1","female",85
238.2,"dose 1","disease status 1","male",67
272.9,"dose 3","disease status 2","male",71
235.7,"dose 3","disease status 2","male",55
207.4,"dose 2","disease status 2","male",50
184.2,"dose 1","disease status 2","male",41
203.6,"dose 3","disease status 1","female",45
191.6,"dose 1","disease status 2","male",44
216.8,"dose 3","disease status 2","male",47
200.4,"dose 2","disease status 2","female",45
226.8,"dose 2","disease status 2","male",60
231.1,"dose 1","disease status 2","female",62
221.8,"dose 2","disease status 1","female",59
212.9,"dose 1","disease status 2","male",55
193.9,"dose 1","disease status 1","female",47
199.8,"dose 2","disease status 1","male",48
222.2,"dose 2","disease status 1","male",59
192,"dose 1","disease status 1","female",46
285.7,"dose 3","disease status 2","male",75
237,"dose 3","disease status 1","male",61
197.9,"dose 2","disease status 2","female",45
209,"dose 2","disease status 1","male",52
244.8,"dose 3","disease status 1","male",65
206.6,"dose 2","disease status 2","male",50
202.1,"dose 3","disease status 1","male",46
230.8,"dose 3","disease status 1","female",59
284.9,"dose 3","disease status 2","male",75
194.5,"dose 2","disease status 2","female",43
241.1,"dose 3","disease status 1","male",63
203.1,"dose 3","disease status 1","male",46
229.9,"dose 1","disease status 1","male",64
201.5,"dose 2","disease status 2","female",46
292,"dose 1","disease status 1","female",85
222.7,"dose 1","disease status 1","male",61
298.1,"dose 1","disease status 1","male",87
281,"dose 3","disease status 2","male",74
248.7,"dose 1","disease status 1","male",71
282,"dose 1","disease status 2","male",81
208.3,"dose 2","disease status 2","female",51
225.4,"dose 2","disease status 1","female",59
212,"dose 2","disease status 2","female",52
266,"dose 3","disease status 2","male",68
292.7,"dose 1","disease status 2","female",84
206,"dose 2","disease status 2","male",50
278.3,"dose 1","disease status 1","male",80
247.3,"dose 3","disease status 2","male",61
279.4,"dose 1","disease status 2","female",80
209.6,"dose 3","disease status 1","female",48
206,"dose 1","disease status 2","male",52
286,"dose 1","disease status 1","male",83
249.6,"dose 2","disease status 1","female",68
243.1,"dose 2","disease status 2","male",66
311.2,"dose 3","disease status 2","male",83
248.9,"dose 3","disease status 2","male",62
216.6,"dose 3","disease status 1","male",52
316.2,"dose 3","disease status 2","female",84
201.4,"dose 2","disease status 2","female",47
200.4,"dose 2","disease status 1","male",48
289.9,"dose 2","disease status 2","female",81
303.9,"dose 3","disease status 2","male",81
262,"dose 2","disease status 2","male",72
212.4,"dose 3","disease status 2","female",44
214.2,"dose 3","disease status 2","female",45
249.5,"dose 1","disease status 1","female",71
241.8,"dose 3","disease status 2","female",58
185,"dose 1","disease status 1","female",42
239,"dose 1","disease status 2","female",66
199.1,"dose 1","disease status 1","male",47
241.1,"dose 1","disease status 1","female",67
184.8,"dose 1","disease status 2","female",41
181.8,"dose 1","disease status 1","male",41
217.5,"dose 1","disease status 1","male",59
290,"dose 1","disease status 1","male",84
246.4,"dose 3","disease status 2","female",61
224.3,"dose 1","disease status 1","male",61
239.4,"dose 2","disease status 1","male",65
270.8,"dose 1","disease status 1","male",78
201.4,"dose 2","disease status 2","female",46
223.5,"dose 1","disease status 1","male",61
234.4,"dose 2","disease status 1","male",63
254,"dose 3","disease status 1","female",67
203.7,"dose 1","disease status 1","male",52
230.2,"dose 3","disease status 2","male",54
187.8,"dose 1","disease status 1","male",46
266.3,"dose 1","disease status 1","female",76
208.5,"dose 2","disease status 1","female",51
236.9,"dose 2","disease status 1","female",64
247,"dose 1","disease status 2","female",69
210.2,"dose 2","disease status 2","female",51
188.3,"dose 2","disease status 1","male",42
242.7,"dose 1","disease status 2","male",68
232.9,"dose 1","disease status 1","female",64
297.9,"dose 1","disease status 2","male",86
216.2,"dose 3","disease status 1","male",53
263.8,"dose 2","disease status 1","male",74
273.9,"dose 2","disease status 1","female",77
248.7,"dose 3","disease status 1","female",65
318.5,"dose 3","disease status 2","male",85
205.3,"dose 2","disease status 1","male",51
217.6,"dose 1","disease status 1","male",59
238.7,"dose 2","disease status 1","female",64
218.3,"dose 3","disease status 1","female",53
210.1,"dose 1","disease status 1","male",55
270.2,"dose 2","disease status 1","male",75
235.6,"dose 3","disease status 2","male",56
203.4,"dose 1","disease status 2","female",50
235.2,"dose 2","disease status 1","male",63
254,"dose 3","disease status 2","female",63
206.8,"dose 2","disease status 2","male",50
270,"dose 3","disease status 1","female",73
200.9,"dose 1","disease status 1","female",50
303.3,"dose 1","disease status 2","female",87
241.5,"dose 3","disease status 1","male",64
267.3,"dose 1","disease status 2","female",76
283.4,"dose 1","disease status 1","male",82
228.6,"dose 2","disease status 2","male",60
194.1,"dose 2","disease status 2","male",43
276.5,"dose 1","disease status 1","male",80
303.7,"dose 3","disease status 2","male",81
294.1,"dose 2","disease status 2","male",83
217.6,"dose 2","disease status 1","male",57
297.4,"dose 3","disease status 2","female",79
222.8,"dose 3","disease status 2","female",49
210.7,"dose 3","disease status 1","male",49
211.1,"dose 2","disease status 1","male",53
245,"dose 2","disease status 2","male",67
276.1,"dose 3","disease status 1","male",76
270.8,"dose 2","disease status 2","female",74
287.9,"dose 2","disease status 1","female",81
193.8,"dose 2","disease status 1","female",43
271,"dose 3","disease status 1","female",74
217.8,"dose 1","disease status 1","male",58
270.2,"dose 3","disease status 1","male",74
218.2,"dose 1","disease status 1","female",58
248.3,"dose 2","disease status 1","male",69
232.7,"dose 2","disease status 1","female",62
210.6,"dose 3","disease status 2","male",43
210.9,"dose 1","disease status 2","female",53
266.5,"dose 3","disease status 2","female",67
261.6,"dose 2","disease status 1","male",73
275.6,"dose 1","disease status 1","female",79
249,"dose 2","disease status 1","male",68
219.7,"dose 2","disease status 1","male",57
236.8,"dose 3","disease status 2","male",57
235.5,"dose 2","disease status 2","male",63
318.1,"dose 3","disease status 2","female",85
212,"dose 3","disease status 2","female",43
205.3,"dose 1","disease status 2","male",53
212.1,"dose 3","disease status 1","female",50
230.5,"dose 2","disease status 2","female",60
221,"dose 3","disease status 1","female",54
295,"dose 2","disease status 1","female",83
239.5,"dose 2","disease status 2","female",63
187.9,"dose 1","disease status 2","male",43
206.1,"dose 3","disease status 2","male",42
283.9,"dose 2","disease status 1","male",82
279.9,"dose 2","disease status 2","female",78
276.6,"dose 3","disease status 1","male",76
312.6,"dose 3","disease status 2","male",84
183.9,"dose 1","disease status 2","male",41
281.4,"dose 1","disease status 1","male",81
294.3,"dose 1","disease status 2","female",84
245,"dose 1","disease status 2","male",69
274.2,"dose 2","disease status 2","female",76
272.3,"dose 2","disease status 2","male",76
278,"dose 3","disease status 2","female",72
250.3,"dose 2","disease status 2","female",68
302.5,"dose 3","disease status 1","male",84
235.8,"dose 3","disease status 2","male",56
211.4,"dose 2","disease status 2","male",52
210.8,"dose 2","disease status 1","male",53
190.7,"dose 2","disease status 1","male",43
285.9,"dose 3","disease status 2","female",76
273.9,"dose 3","disease status 2","female",71
297,"dose 3","disease status 1","female",82
278.1,"dose 1","disease status 2","female",80
194.1,"dose 1","disease status 2","female",46
221,"dose 2","disease status 2","male",57
259.7,"dose 3","disease status 2","female",65
247.1,"dose 3","disease status 1","male",66
280,"dose 1","disease status 2","female",80
227.1,"dose 2","disease status 2","female",58
241.3,"dose 2","disease status 2","female",65
238.8,"dose 2","disease status 1","female",64
261.1,"dose 1","disease status 2","female",74
209.7,"dose 3","disease status 1","male",49
292.9,"dose 3","disease status 1","female",81
237.9,"dose 1","disease status 2","male",66
287.3,"dose 2","disease status 1","female",81
206.4,"dose 2","disease status 2","male",50
274.2,"dose 3","disease status 2","female",71
238.7,"dose 2","disease status 2","male",64
244,"dose 3","disease status 1","female",64
292,"dose 2","disease status 1","female",83
258,"dose 2","disease status 1","female",71
186.1,"dose 1","disease status 2","male",42
197,"dose 1","disease status 2","male",50
300.9,"dose 1","disease status 2","male",87
216.7,"dose 2","disease status 1","female",55
233.2,"dose 2","disease status 1","female",62
225.7,"dose 3","disease status 1","male",57
230.7,"dose 2","disease status 2","male",60
204.3,"dose 2","disease status 1","male",49
243.5,"dose 3","disease status 1","male",64
221.1,"dose 2","disease status 1","female",56
214,"dose 3","disease status 1","female",51
278.6,"dose 3","disease status 1","male",77
225.6,"dose 2","disease status 1","female",58
253,"dose 3","disease status 2","female",63
201.1,"dose 2","disease status 2","male",47
198.9,"dose 1","disease status 2","female",48
200.4,"dose 2","disease status 1","female",46
287.2,"dose 3","disease status 1","male",80
292.1,"dose 3","disease status 1","male",81
279.8,"dose 1","disease status 1","male",80
236.3,"dose 2","disease status 1","female",64
305.6,"dose 3","disease status 2","male",81
187,"dose 1","disease status 1","female",45
