"","Ranking","Nombre","Año","Ventas_NA","Ventas_EU","Ventas_JP","Ventas_Global"
"102",102,"Call of Duty: Black Ops 3","2015",4.52,2.09,0.01,7.3
"194",194,"Call of Duty: Advanced Warfare","2014",3.21,1.53,0.01,5.13
"198",198,"Grand Theft Auto V","2014",2.66,2.01,0,5.08
"261",261,"Halo 5: Guardians","2015",2.64,1.2,0.03,4.26
"288",288,"Fallout 4","2015",2.45,1.26,0.01,4.09
"379",379,"Star Wars Battlefront (2015)","2015",1.94,1.22,0.02,3.49
"382",382,"Assassin's Creed: Unity","2014",2.26,0.89,0,3.46
"411",411,"Destiny","2014",2.13,0.92,0,3.28
"417",417,"FIFA 16","2015",0.88,2.11,0,3.23
"440",440,"Halo: The Master Chief Collection","2014",1.89,0.99,0.03,3.15
"468",468,"Gears of War: Ultimate Edition","2015",2.38,0.32,0,3
"495",495,"Titanfall","2014",1.84,0.8,0.04,2.9
"506",506,"Call of Duty: Ghosts","2013",1.87,0.77,0,2.86
"644",644,"Minecraft","2014",1.43,0.76,0,2.41
"646",646,"Madden NFL 16","2015",2.07,0.08,0,2.4
"682",683,"NBA 2K16","2015",1.93,0.14,0,2.32
"732",733,"Assassin's Creed IV: Black Flag","2013",1.47,0.55,0,2.21
"749",750,"Forza Motorsport 5","2013",1.21,0.78,0.01,2.18
"761",762,"FIFA 15","2014",0.6,1.41,0,2.15
"846",847,"Tom Clancy's The Division","2016",1.2,0.62,0,2.01
"857",858,"Battlefield 4","2013",1.25,0.58,0,1.98
"1019",1020,"Forza Motorsport 6","2015",0.69,0.89,0.03,1.74
"1059",1060,"NBA 2K15","2014",1.36,0.18,0,1.69
"1148",1149,"Far Cry 4","2014",0.79,0.68,0.01,1.61
"1203",1204,"Watch Dogs","2014",0.9,0.53,0,1.55
"1209",1210,"Dead Rising 3","2013",1.06,0.35,0.01,1.54
"1225",1226,"FIFA 17","2016",0.17,1.26,0,1.53
"1242",1243,"Madden NFL 15","2014",1.3,0.09,0,1.51
"1318",1319,"Batman: Arkham Knight","2015",0.86,0.46,0,1.45
"1417",1418,"Forza Horizon 2","2014",0.5,0.78,0.01,1.37
"1432",1433,"Ryse: Son of Rome","2013",0.82,0.42,0,1.36
"1445",1446,"Mortal Kombat X","2015",1,0.21,0,1.35
"1483",1484,"Middle-Earth: Shadow of Mordor","2014",0.72,0.5,0.01,1.32
"1525",1526,"Rise of the Tomb Raider","2015",0.53,0.64,0.02,1.3
"1532",1533,"Tom Clancy's Rainbow Six: Siege","2015",0.73,0.44,0,1.29
"1544",1545,"Assassin's Creed Syndicate","2015",0.61,0.56,0,1.28
"1562",1563,"The Elder Scrolls Online","2015",0.77,0.38,0,1.27
"1606",1607,"The Witcher 3: Wild Hunt","2015",0.66,0.47,0,1.24
"1673",1674,"Battlefield: Hardline","2015",0.72,0.37,0.01,1.2
"1699",1700,"FIFA 14","2013",0.41,0.66,0,1.19
"1738",1739,"Destiny: The Taken King","2015",0.82,0.23,0,1.17
"1837",1838,"Sunset Overdrive","2014",0.62,0.4,0,1.11
"2008",2009,"LEGO Marvel Super Heroes","2013",0.61,0.34,0,1.04
"2293",2294,"Dragon Age: Inquisition","2014",0.55,0.28,0,0.91
"2368",2369,"Just Cause 3","2015",0.42,0.38,0,0.88
"2378",2379,"NBA 2K14","2013",0.7,0.11,0,0.87
"2435",2436,"Far Cry: Primal","2016",0.46,0.32,0,0.85
"2445",2446,"Overwatch","2016",0.52,0.25,0,0.85
"2506",2507,"Madden NFL 17","2016",0.72,0.02,0,0.82
"2555",2556,"Dying Light","2015",0.43,0.3,0.01,0.81
"2664",2665,"Madden NFL 25","2013",0.67,0.05,0,0.77
"2730",2731,"Rare Replay","2015",0.47,0.21,0.01,0.75
"2895",2896,"Metal Gear Solid V: The Phantom Pain","2015",0.37,0.26,0.01,0.71
"2973",2974,"Plants vs. Zombies: Garden Warfare","2014",0.39,0.23,0,0.68
"2992",2993,"Doom (2016)","2016",0.39,0.23,0,0.68
"2995",2996,"Need for Speed (2015)","2015",0.3,0.33,0,0.68
"3011",3012,"Need for Speed Rivals","2013",0.45,0.17,0,0.67
"3019",3020,"Wolfenstein: The New Order","2014",0.33,0.28,0,0.67
"3099",3100,"The Evil Within","2014",0.35,0.25,0,0.65
"3137",3138,"Diablo III","2014",0.35,0.24,0,0.64
"3146",3147,"NBA 2K17","2016",0.54,0.04,0,0.64
"3220",3221,"The Crew","2014",0.24,0.34,0,0.63
"3232",3233,"LEGO Jurassic World","2015",0.35,0.22,0,0.63
"3253",3254,"Evolve","2015",0.36,0.2,0,0.62
"3360",3361,"Tomb Raider (2013)","2014",0.34,0.21,0,0.6
"3455",3456,"Kinect Sports Rivals","2014",0.3,0.22,0.02,0.58
"3457",3458,"WWE 2K16","2015",0.31,0.22,0,0.58
"3614",3615,"WWE 2K15","2014",0.28,0.23,0,0.56
"3711",3712,"Minecraft: Story Mode","2015",0.29,0.21,0,0.54
"3817",3818,"Just Dance 2015","2014",0.35,0.13,0,0.53
"3883",3884,"The LEGO Movie Videogame","2014",0.34,0.13,0,0.51
"3928",3929,"Quantum Break","2016",0.27,0.19,0.01,0.51
"3943",3944,"Guitar Hero Live","2015",0.29,0.17,0,0.51
"3996",3997,"Alien: Isolation","2014",0.22,0.24,0,0.5
"4201",4202,"NHL 16","2015",0.37,0.05,0,0.47
"4267",4268,"EA Sports UFC","2014",0.3,0.12,0,0.46
"4278",4279,"Mad Max (2015)","2015",0.26,0.16,0,0.46
"4310",4311,"Thief (2014)","2014",0.26,0.15,0,0.45
"4409",4410,"Just Dance 2014","2013",0.3,0.11,0,0.45
"4431",4432,"Plants vs. Zombies: Garden Warfare 2","2016",0.26,0.15,0,0.44
"4511",4512,"Rock Band 4","2015",0.35,0.04,0,0.43
"4550",4551,"Lego Batman 3: Beyond Gotham","2014",0.23,0.17,0,0.43
"4631",4632,"Disney Infinity 2.0: Marvel Super Heroes","2014",0.24,0.15,0,0.42
"4770",4771,"Borderlands: The Handsome Collection","2015",0.24,0.13,0,0.41
"4815",4816,"Rocksmith 2014","2014",0.29,0.08,0,0.4
"4817",4818,"NHL 15","2014",0.31,0.06,0,0.4
"4821",4822,"EA Sports UFC 2","2016",0.23,0.14,0,0.4
"5016",5017,"Forza Horizon 3","2016",0.15,0.2,0,0.38
"5108",5109,"LEGO Dimensions","2015",0.21,0.13,0,0.37
"5269",5270,"Dark Souls III","2016",0.23,0.09,0,0.35
"5363",5364,"Skylanders: Trap Team","2014",0.25,0.07,0,0.34
"5410",5411,"Rayman Legends","2014",0.13,0.18,0,0.34
"5420",5421,"Zoo Tycoon (2013)","2013",0.18,0.13,0,0.34
"5557",5558,"Sniper Elite 3","2014",0.19,0.11,0,0.33
"5596",5597,"LEGO Marvel's Avengers","2016",0.18,0.11,0,0.32
"5692",5693,"Just Dance 2016","2015",0.24,0.04,0,0.32
"5700",5701,"Dragon Ball: XenoVerse","2015",0.18,0.11,0,0.31
"5740",5741,"Metro: Last Light","2014",0.15,0.13,0,0.31
"5763",5764,"Disney Infinity 3.0","2015",0.18,0.1,0,0.31
"5808",5809,"Skylanders SWAP Force","2013",0.22,0.06,0,0.31
"6119",6120,"Metal Gear Solid V: Ground Zeroes","2014",0.15,0.11,0,0.28
"6158",6159,"Naruto Shippuden: Ultimate Ninja Storm 4","2016",0.19,0.06,0,0.28
"6363",6364,"LEGO The Hobbit","2014",0.13,0.12,0,0.27
"6427",6428,"Rory McIlroy PGA Tour","2015",0.15,0.09,0,0.27
"6702",6703,"Final Fantasy Type-0","2015",0.15,0.07,0,0.25
"6779",6780,"Trials Fusion","2014",0.12,0.1,0,0.24
"6826",6827,"F1 2015","2015",0.08,0.15,0,0.24
"6911",6912,"Lego Star Wars: The Force Awakens","2016",0.12,0.1,0,0.24
"6976",6977,"Zumba Fitness: World Party","2013",0.17,0.05,0,0.23
"7020",7021,"Skylanders: SuperChargers","2015",0.16,0.05,0,0.23
"7049",7050,"Project CARS","2015",0.08,0.13,0,0.23
"7162",7163,"Dark Souls II","2015",0.13,0.07,0,0.22
"7312",7313,"Lords of the Fallen","2014",0.1,0.1,0,0.22
"7340",7341,"The Amazing Spider-Man 2 (2014)","2014",0.12,0.07,0,0.21
"7510",7511,"NBA Live 15","2014",0.17,0.02,0,0.2
"7549",7550,"State of Decay","2015",0.14,0.05,0,0.2
"7608",7609,"Saints Row IV","2015",0.1,0.09,0,0.2
"7687",7688,"Sleeping Dogs","2014",0.1,0.09,0,0.2
"7821",7822,"NBA Live 14","2013",0.16,0.02,0,0.19
"7833",7834,"Farming Simulator 2015","2015",0.1,0.07,0,0.19
"7874",7875,"Fighter Within","2013",0.11,0.07,0,0.19
"7976",7977,"Dance Central: Spotlight","2014",0.15,0.03,0,0.19
"8042",8043,"Shape Up","2014",0.08,0.09,0,0.18
"8234",8235,"Project Spark","2014",0.11,0.05,0,0.17
"8429",8430,"Payday 2","2015",0.08,0.07,0,0.17
"8573",8574,"Murdered: Soul Suspect","2014",0.08,0.07,0,0.16
"8672",8673,"Angry Birds Star Wars","2013",0.11,0.04,0,0.16
"8693",8694,"The Walking Dead: Season One","2014",0.08,0.06,0,0.16
"8752",8753,"NHL 17","2016",0.13,0.01,0,0.15
"8769",8770,"Wolfenstein: The Old Blood","2015",0.07,0.07,0,0.15
"8848",8849,"Fantasia: Music Evolved","2014",0.11,0.03,0,0.15
"8861",8862,"Mirror's Edge Catalyst","2016",0.08,0.05,0,0.15
"8948",8949,"Deus Ex: Mankind Divided","2016",0.08,0.06,0,0.15
"9033",9034,"Dishonored","2015",0.08,0.05,0,0.14
"9198",9199,"The Walking Dead: Season Two","2014",0.08,0.05,0,0.14
"9314",9315,"Pro Evolution Soccer 2015","2014",0.02,0.1,0,0.14
"9370",9371,"Transformers: Devastation","2015",0.09,0.03,0,0.13
"9372",9373,"DmC: Devil May Cry","2015",0.08,0.04,0,0.13
"9472",9473,"Hasbro Family Fun Pack","2015",0.1,0.02,0,0.13
"9647",9648,"Battleborn","2016",0.08,0.04,0,0.13
"9701",9702,"Homefront: The Revolution","2016",0.05,0.07,0,0.12
"9712",9713,"Rocket League","2016",0.03,0.09,0,0.12
"9958",9959,"Deadpool","2015",0.08,0.03,0,0.12
"10030",10031,"Tony Hawk's Pro Skater 5","2015",0.08,0.02,0,0.11
"10039",10040,"DiRT Rally","2016",0.03,0.08,0,0.11
"10048",10049,"Life is Strange","2016",0.08,0.02,0,0.11
"10330",10331,"Transformer: Rise of the Dark Spark","2014",0.06,0.03,0,0.11
"10508",10509,"Zombie Army Trilogy","2015",0.04,0.05,0,0.1
"10557",10558,"Pro Evolution Soccer 2016","2015",0.03,0.06,0,0.1
"10611",10612,"NBA Live 16","2015",0.08,0.01,0,0.1
"10703",10704,"Ride","2015",0.04,0.05,0,0.1
"10753",10754,"Resident Evil: Revelations 2","2015",0.07,0.02,0,0.1
"10815",10816,"ReCore","2016",0.06,0.03,0,0.1
"11141",11142,"F1 2016 (Codemasters)","2016",0.01,0.07,0,0.09
"11242",11243,"Rugby 15","2015",0.03,0.05,0,0.09
"11306",11307,"Dead or Alive 5","2015",0.04,0.03,0.01,0.08
"11528",11529,"Sherlock Holmes: Crimes & Punishments","2014",0.03,0.04,0,0.08
"11551",11552,"BioShock The Collection","2016",0.03,0.04,0,0.08
"11804",11805,"Resident Evil Zero","2016",0.05,0.02,0,0.07
"11845",11846,"The Wolf Among Us","2014",0.05,0.02,0,0.07
"12059",12060,"Dynasty Warriors 8: Empires","2014",0.04,0.02,0,0.07
"12072",12073,"Divinity: Original Sin","2015",0.04,0.02,0,0.07
"12118",12119,"Just Dance: Disney Party 2","2015",0.05,0.01,0,0.07
"12334",12335,"Killer Instinct (2013)","2013",0.03,0.03,0,0.06
"12520",12521,"BlazBlue: Chrono Phantasma Extend","2015",0.05,0.01,0,0.06
"12546",12547,"Darksiders II","2015",0.03,0.02,0,0.06
"12580",12581,"TrackMania Turbo","2016",0.02,0.03,0,0.06
"12959",12960,"Toy Soldiers: War Chest","2015",0.05,0,0,0.05
"13125",13126,"Adventure Time: Finn & Jake Investigations","2015",0.02,0.02,0,0.05
"13175",13176,"MXGP 2","2016",0.02,0.02,0,0.05
"13216",13217,"Bladestorm: Nightmare","2015",0.03,0.02,0,0.05
"13289",13290,"Wasteland 2","2015",0.04,0.01,0,0.05
"13491",13492,"Dead Island Definitive Collection","2016",0.02,0.02,0,0.04
"13530",13531,"R.B.I. Baseball 2016","2016",0.04,0,0,0.04
"13651",13652,"7 Days to Die","2016",0.02,0.02,0,0.04
"13764",13765,"One Piece: Burning Blood","2016",0.03,0.01,0,0.04
"13771",13772,"Terraria","2014",0,0.04,0,0.04
"13859",13860,"Brothers: A Tale of Two Sons","2015",0.03,0.01,0,0.04
"13872",13873,"Song of the Deep","2016",0.03,0,0,0.04
"13924",13925,"Don Bradman Cricket 14","2015",0,0.04,0,0.04
"13951",13952,"Resident Evil 6","2016",0.03,0,0,0.04
"13954",13955,"Warriors Orochi 3","2014",0.01,0.03,0,0.04
"13995",13996,"Destiny: The Collection","2016",0.01,0.02,0,0.04
"14187",14188,"Teenage Mutant Ninja Turtles: Mutants in Manhattan","2016",0.02,0.01,0,0.03
"14411",14413,"MotoGP 15","2015",0,0.03,0,0.03
"14590",14592,"Game of Thrones (Telltale)","2015",0.03,0,0,0.03
"14610",14612,"Attack on Titan (KOEI)","2016",0.01,0.01,0,0.03
"14739",14741,"Pro Evolution Soccer 2017","2016",0,0.02,0,0.03
"14761",14763,"The Golf Club","2014",0.02,0,0,0.03
"14914",14916,"Ghostbusters (2016)","2016",0.02,0,0,0.02
"15053",15055,"NASCAR Heat Evolution","2016",0.02,0,0,0.02
"15154",15156,"Rugby World Cup 2015","2015",0,0.02,0,0.02
"15204",15206,"Valentino Rossi: The Game","2016",0,0.02,0,0.02
"15342",15344,"The Technomancer","2016",0.01,0.01,0,0.02
"15613",15615,"The Crew: Wild Run","2015",0,0.02,0,0.02
"15708",15710,"Back to the Future: The Game","2015",0,0.02,0,0.02
"15721",15723,"Arslan: The Warriors of Legend","2016",0.01,0,0,0.02
"15728",15730,"MX vs. ATV Supercross Encore","2015",0.02,0,0,0.02
"15802",15804,"XCOM 2","2016",0.01,0.01,0,0.02
"16038",16040,"WRC 5: FIA World Rally Championship","2015",0,0.01,0,0.01
"16115",16117,"Psycho-Pass","2014",0,0,0.01,0.01
"16223",16225,"Carmageddon: Max Damage","2016",0.01,0.01,0,0.01
"16235",16237,"Broken Sword 5: The Serpent's Curse","2015",0,0.01,0,0.01
"16277",16279,"Assetto Corsa","2016",0,0.01,0,0.01
"16430",16432,"Goat Simulator","2016",0,0.01,0,0.01
"16449",16451,"Assassin's Creed Chronicles","2016",0,0.01,0,0.01
"16453",16455,"Rugby League Live 3","2015",0,0.01,0,0.01
"16506",16508,"Rabbids Invasion: The Interactive TV Show","2014",0,0.01,0,0.01
"16531",16533,"Sébastien Loeb Rally Evo","2016",0,0.01,0,0.01
"16532",16534,"Hitman (2016)","2016",0,0.01,0,0.01
"16563",16565,"Mighty No. 9","2016",0.01,0,0,0.01
"16570",16572,"Resident Evil 4 HD","2016",0.01,0,0,0.01
"16577",16579,"Rugby Challenge 3","2016",0,0.01,0,0.01
