"","X","Max_T_F","Min_T_F","Precipitaciones","Manhattan.Bridge"
"1",1,78.1,66,0.01,3126
"2",2,55,48.9,0.15,1646
"3",3,39.9,34,0.09,1232
"4",4,44.1,33.1,0.47,1067
"5",5,42.1,26.1,0,2617
"6",6,45,30,0,3329
"7",7,57,53.1,0.09,2581
"8",8,46.9,44.1,0.01,3455
"9",9,43,37.9,0.09,997
"10",10,48.9,30.9,0,2387
"11",11,62.1,46,0.01,3791
"12",12,57,45,0.2,2178
"13",13,57,39.9,0,5395
"14",14,62.1,44.6,0,5309
"15",15,64,44.1,0,5072
"16",16,66,45,0,4316
"17",17,73.9,46,0,4969
"18",18,81,52,0,6823
"19",19,71.1,63,0,6951
"20",20,68,50,0,6574
"21",21,71.1,50,0,6452
"22",22,78.1,63,0,4907
"23",23,70,61,0.16,3276
"24",24,68,48,0,4650
"25",25,66.9,54,0,5978
"26",26,60.1,46.9,0.24,3520
"27",27,62.1,46.9,0,5606
"28",28,57.9,48,0,4152
"29",29,57,46.9,0.05,4178
"30",30,64,48,0,4952
"31",31,78.1,66,0.01,3126
"32",32,55,48.9,0.15,1646
"33",33,39.9,34,0.09,1232
"34",34,44.1,33.1,0.47,1067
"35",35,42.1,26.1,0,2617
"36",36,45,30,0,3329
"37",37,57,53.1,0.09,2581
"38",38,46.9,44.1,0.01,3455
"39",39,43,37.9,0.09,997
"40",40,48.9,30.9,0,2387
"41",41,62.1,46,0.01,3791
"42",42,57,45,0.2,2178
"43",43,57,39.9,0,5395
"44",44,62.1,44.6,0,5309
"45",45,64,44.1,0,5072
"46",46,66,45,0,4316
"47",47,73.9,46,0,4969
"48",48,81,52,0,6823
"49",49,71.1,63,0,6951
"50",50,68,50,0,6574
"51",51,71.1,50,0,6452
"52",52,78.1,63,0,4907
"53",53,70,61,0.16,3276
"54",54,68,48,0,4650
"55",55,66.9,54,0,5978
"56",56,60.1,46.9,0.24,3520
"57",57,62.1,46.9,0,5606
"58",58,57.9,48,0,4152
"59",59,57,46.9,0.05,4178
"60",60,64,48,0,4952
"61",61,78.1,66,0.01,3126
"62",62,55,48.9,0.15,1646
"63",63,39.9,34,0.09,1232
"64",64,44.1,33.1,0.47,1067
"65",65,42.1,26.1,0,2617
"66",66,45,30,0,3329
"67",67,57,53.1,0.09,2581
"68",68,46.9,44.1,0.01,3455
"69",69,43,37.9,0.09,997
"70",70,48.9,30.9,0,2387
"71",71,62.1,46,0.01,3791
"72",72,57,45,0.2,2178
"73",73,57,39.9,0,5395
"74",74,62.1,44.6,0,5309
"75",75,64,44.1,0,5072
"76",76,66,45,0,4316
"77",77,73.9,46,0,4969
"78",78,81,52,0,6823
"79",79,71.1,63,0,6951
"80",80,68,50,0,6574
"81",81,71.1,50,0,6452
"82",82,78.1,63,0,4907
"83",83,70,61,0.16,3276
"84",84,68,48,0,4650
"85",85,66.9,54,0,5978
"86",86,60.1,46.9,0.24,3520
"87",87,62.1,46.9,0,5606
"88",88,57.9,48,0,4152
"89",89,57,46.9,0.05,4178
"90",90,64,48,0,4952
"91",91,78.1,66,0.01,3126
"92",92,55,48.9,0.15,1646
"93",93,39.9,34,0.09,1232
"94",94,44.1,33.1,0.47,1067
"95",95,42.1,26.1,0,2617
"96",96,45,30,0,3329
"97",97,57,53.1,0.09,2581
"98",98,46.9,44.1,0.01,3455
"99",99,43,37.9,0.09,997
"100",100,48.9,30.9,0,2387
"101",101,62.1,46,0.01,3791
"102",102,57,45,0.2,2178
"103",103,57,39.9,0,5395
"104",104,62.1,44.6,0,5309
"105",105,64,44.1,0,5072
"106",106,66,45,0,4316
"107",107,73.9,46,0,4969
"108",108,81,52,0,6823
"109",109,71.1,63,0,6951
"110",110,68,50,0,6574
"111",111,71.1,50,0,6452
"112",112,78.1,63,0,4907
"113",113,70,61,0.16,3276
"114",114,68,48,0,4650
"115",115,66.9,54,0,5978
"116",116,60.1,46.9,0.24,3520
"117",117,62.1,46.9,0,5606
"118",118,57.9,48,0,4152
"119",119,57,46.9,0.05,4178
"120",120,64,48,0,4952
"121",121,78.1,66,0.01,3126
"122",122,55,48.9,0.15,1646
"123",123,39.9,34,0.09,1232
"124",124,44.1,33.1,0.47,1067
"125",125,42.1,26.1,0,2617
"126",126,45,30,0,3329
"127",127,57,53.1,0.09,2581
"128",128,46.9,44.1,0.01,3455
"129",129,43,37.9,0.09,997
"130",130,48.9,30.9,0,2387
"131",131,62.1,46,0.01,3791
"132",132,57,45,0.2,2178
"133",133,57,39.9,0,5395
"134",134,62.1,44.6,0,5309
"135",135,64,44.1,0,5072
"136",136,66,45,0,4316
"137",137,73.9,46,0,4969
"138",138,81,52,0,6823
"139",139,71.1,63,0,6951
"140",140,68,50,0,6574
"141",141,71.1,50,0,6452
"142",142,78.1,63,0,4907
"143",143,70,61,0.16,3276
"144",144,68,48,0,4650
"145",145,66.9,54,0,5978
"146",146,60.1,46.9,0.24,3520
"147",147,62.1,46.9,0,5606
"148",148,57.9,48,0,4152
"149",149,57,46.9,0.05,4178
"150",150,64,48,0,4952
"151",151,78.1,66,0.01,3126
"152",152,55,48.9,0.15,1646
"153",153,39.9,34,0.09,1232
"154",154,44.1,33.1,0.47,1067
"155",155,42.1,26.1,0,2617
"156",156,45,30,0,3329
"157",157,57,53.1,0.09,2581
"158",158,46.9,44.1,0.01,3455
"159",159,43,37.9,0.09,997
"160",160,48.9,30.9,0,2387
"161",161,62.1,46,0.01,3791
"162",162,57,45,0.2,2178
"163",163,57,39.9,0,5395
"164",164,62.1,44.6,0,5309
"165",165,64,44.1,0,5072
"166",166,66,45,0,4316
"167",167,73.9,46,0,4969
"168",168,81,52,0,6823
"169",169,71.1,63,0,6951
"170",170,68,50,0,6574
"171",171,71.1,50,0,6452
"172",172,78.1,63,0,4907
"173",173,70,61,0.16,3276
"174",174,68,48,0,4650
"175",175,66.9,54,0,5978
"176",176,60.1,46.9,0.24,3520
"177",177,62.1,46.9,0,5606
"178",178,57.9,48,0,4152
"179",179,57,46.9,0.05,4178
"180",180,64,48,0,4952
"181",181,78.1,66,0.01,3126
"182",182,55,48.9,0.15,1646
"183",183,39.9,34,0.09,1232
"184",184,44.1,33.1,0.47,1067
"185",185,42.1,26.1,0,2617
"186",186,45,30,0,3329
"187",187,57,53.1,0.09,2581
"188",188,46.9,44.1,0.01,3455
"189",189,43,37.9,0.09,997
"190",190,48.9,30.9,0,2387
"191",191,62.1,46,0.01,3791
"192",192,57,45,0.2,2178
"193",193,57,39.9,0,5395
"194",194,62.1,44.6,0,5309
"195",195,64,44.1,0,5072
"196",196,66,45,0,4316
"197",197,73.9,46,0,4969
"198",198,81,52,0,6823
"199",199,71.1,63,0,6951
"200",200,68,50,0,6574
"201",201,71.1,50,0,6452
"202",202,78.1,63,0,4907
"203",203,70,61,0.16,3276
"204",204,68,48,0,4650
"205",205,66.9,54,0,5978
"206",206,60.1,46.9,0.24,3520
"207",207,62.1,46.9,0,5606
"208",208,57.9,48,0,4152
"209",209,57,46.9,0.05,4178
"210",210,64,48,0,4952
